[2025-12-31 15:10:49] 
  Files: N/A
  Input: {}
  Output: No output
--------------------------------------------------------------------------------
[2025-12-31 15:11:04] 
  Files: N/A
  Input: {}
  Output: No output
--------------------------------------------------------------------------------
[2025-12-31 15:11:04] 
  Files: N/A
  Input: {}
  Output: No output
--------------------------------------------------------------------------------
[2025-12-31 15:11:06] 
  Files: N/A
  Input: {}
  Output: No output
--------------------------------------------------------------------------------
[2025-12-31 15:11:23] 
  Files: N/A
  Input: {}
  Output: No output
--------------------------------------------------------------------------------
[2025-12-31 15:11:29] 
  Files: N/A
  Input: {}
  Output: No output
--------------------------------------------------------------------------------
[2025-12-31 15:11:35] 
  Files: N/A
  Input: {}
  Output: No output
--------------------------------------------------------------------------------
[2025-12-31 15:11:42] 
  Files: N/A
  Input: {}
  Output: No output
--------------------------------------------------------------------------------
[2025-12-31 15:11:49] 
  Files: N/A
  Input: {}
  Output: No output
--------------------------------------------------------------------------------
[2025-12-31 15:11:58] 
  Files: N/A
  Input: {}
  Output: No output
--------------------------------------------------------------------------------
[2025-12-31 15:12:06] 
  Files: N/A
  Input: {}
  Output: No output
--------------------------------------------------------------------------------
[2025-12-31 15:12:16] 
  Files: N/A
  Input: {}
  Output: No output
--------------------------------------------------------------------------------
[2025-12-31 15:12:22] 
  Files: N/A
  Input: {}
  Output: No output
--------------------------------------------------------------------------------
[2025-12-31 15:12:25] 
  Files: N/A
  Input: {}
  Output: No output
--------------------------------------------------------------------------------
[2025-12-31 15:12:28] 
  Files: N/A
  Input: {}
  Output: No output
--------------------------------------------------------------------------------
[2025-12-31 15:12:32] 
  Files: N/A
  Input: {}
  Output: No output
--------------------------------------------------------------------------------
[2025-12-31 15:12:36] 
  Files: N/A
  Input: {}
  Output: No output
--------------------------------------------------------------------------------
[2025-12-31 15:12:44] 
  Files: N/A
  Input: {}
  Output: No output
--------------------------------------------------------------------------------
[2025-12-31 15:12:49] 
  Files: N/A
  Input: {}
  Output: No output
--------------------------------------------------------------------------------
[2025-12-31 15:13:13] 
  Files: N/A
  Input: {}
  Output: No output
--------------------------------------------------------------------------------
[2025-12-31 15:13:23] 
  Files: N/A
  Input: {}
  Output: No output
--------------------------------------------------------------------------------
[2025-12-31 15:13:23] 
  Files: N/A
  Input: {}
  Output: No output
--------------------------------------------------------------------------------
[2025-12-31 15:13:23] 
  Files: N/A
  Input: {}
  Output: No output
--------------------------------------------------------------------------------
[2025-12-31 15:13:38] 
  Files: N/A
  Input: {}
  Output: No output
--------------------------------------------------------------------------------
[2025-12-31 15:13:38] 
  Files: N/A
  Input: {}
  Output: No output
--------------------------------------------------------------------------------
[2025-12-31 15:13:38] 
  Files: N/A
  Input: {}
  Output: No output
--------------------------------------------------------------------------------
[2025-12-31 15:14:05] 
  Files: N/A
  Input: {}
  Output: No output
--------------------------------------------------------------------------------
[2025-12-31 15:14:11] 
  Files: N/A
  Input: {}
  Output: No output
--------------------------------------------------------------------------------
[2025-12-31 15:14:15] 
  Files: N/A
  Input: {}
  Output: No output
--------------------------------------------------------------------------------
[2025-12-31 15:14:18] 
  Files: N/A
  Input: {}
  Output: No output
--------------------------------------------------------------------------------
[2025-12-31 15:14:28] 
  Files: N/A
  Input: {}
  Output: No output
--------------------------------------------------------------------------------
[2025-12-31 15:14:29] 
  Files: N/A
  Input: {}
  Output: No output
--------------------------------------------------------------------------------
[2025-12-31 15:14:34] 
  Files: N/A
  Input: {}
  Output: No output
--------------------------------------------------------------------------------
[2025-12-31 15:14:38] 
  Files: N/A
  Input: {}
  Output: No output
--------------------------------------------------------------------------------
[2025-12-31 15:14:45] 
  Files: N/A
  Input: {}
  Output: No output
--------------------------------------------------------------------------------
[2025-12-31 15:14:48] 
  Files: N/A
  Input: {}
  Output: No output
--------------------------------------------------------------------------------
[2025-12-31 15:14:50] 
  Files: N/A
  Input: {}
  Output: No output
--------------------------------------------------------------------------------
[2025-12-31 15:14:52] 
  Files: N/A
  Input: {}
  Output: No output
--------------------------------------------------------------------------------
[2025-12-31 15:14:56] 
  Files: N/A
  Input: {}
  Output: No output
--------------------------------------------------------------------------------
[2025-12-31 15:15:18] 
  Files: N/A
  Input: {}
  Output: No output
--------------------------------------------------------------------------------
[2025-12-31 15:15:27] 
  Files: N/A
  Input: {}
  Output: No output
--------------------------------------------------------------------------------
[2025-12-31 15:15:34] 
  Files: N/A
  Input: {}
  Output: No output
--------------------------------------------------------------------------------
[2025-12-31 15:15:35] 
  Files: N/A
  Input: {}
  Output: No output
--------------------------------------------------------------------------------
[2025-12-31 15:15:36] 
  Files: N/A
  Input: {}
  Output: No output
--------------------------------------------------------------------------------
[2025-12-31 15:15:42] 
  Files: N/A
  Input: {}
  Output: No output
--------------------------------------------------------------------------------
[2025-12-31 15:15:43] 
  Files: N/A
  Input: {}
  Output: No output
--------------------------------------------------------------------------------
[2025-12-31 15:15:49] 
  Files: N/A
  Input: {}
  Output: No output
--------------------------------------------------------------------------------
[2025-12-31 15:15:50] 
  Files: N/A
  Input: {}
  Output: No output
--------------------------------------------------------------------------------
[2025-12-31 15:16:03] 
  Files: N/A
  Input: {}
  Output: No output
--------------------------------------------------------------------------------
[2025-12-31 15:16:05] 
  Files: N/A
  Input: {}
  Output: No output
--------------------------------------------------------------------------------
[2025-12-31 15:16:07] 
  Files: N/A
  Input: {}
  Output: No output
--------------------------------------------------------------------------------
[2025-12-31 15:16:08] 
  Files: N/A
  Input: {}
  Output: No output
--------------------------------------------------------------------------------
[2025-12-31 15:16:11] 
  Files: N/A
  Input: {}
  Output: No output
--------------------------------------------------------------------------------
[2025-12-31 15:16:13] 
  Files: N/A
  Input: {}
  Output: No output
--------------------------------------------------------------------------------
[2025-12-31 15:16:16] 
  Files: N/A
  Input: {}
  Output: No output
--------------------------------------------------------------------------------
[2025-12-31 15:16:17] 
  Files: N/A
  Input: {}
  Output: No output
--------------------------------------------------------------------------------
[2025-12-31 15:16:21] 
  Files: N/A
  Input: {}
  Output: No output
--------------------------------------------------------------------------------
[2025-12-31 15:16:22] 
  Files: N/A
  Input: {}
  Output: No output
--------------------------------------------------------------------------------
[2025-12-31 15:16:28] 
  Files: N/A
  Input: {}
  Output: No output
--------------------------------------------------------------------------------
[2025-12-31 15:16:29] 
  Files: N/A
  Input: {}
  Output: No output
--------------------------------------------------------------------------------
[2025-12-31 15:16:37] 
  Files: N/A
  Input: {}
  Output: No output
--------------------------------------------------------------------------------
[2025-12-31 15:16:46] 
  Files: N/A
  Input: {}
  Output: No output
--------------------------------------------------------------------------------
[2025-12-31 15:16:47] 
  Files: N/A
  Input: {}
  Output: No output
--------------------------------------------------------------------------------
[2025-12-31 15:16:49] 
  Files: N/A
  Input: {}
  Output: No output
--------------------------------------------------------------------------------
[2025-12-31 15:16:56] 
  Files: N/A
  Input: {}
  Output: No output
--------------------------------------------------------------------------------
[2025-12-31 15:17:06] 
  Files: N/A
  Input: {}
  Output: No output
--------------------------------------------------------------------------------
[2025-12-31 15:17:12] 
  Files: N/A
  Input: {}
  Output: No output
--------------------------------------------------------------------------------
[2025-12-31 15:17:20] 
  Files: N/A
  Input: {}
  Output: No output
--------------------------------------------------------------------------------
[2025-12-31 15:17:21] 
  Files: N/A
  Input: {}
  Output: No output
--------------------------------------------------------------------------------
[2025-12-31 15:17:26] 
  Files: N/A
  Input: {}
  Output: No output
--------------------------------------------------------------------------------
[2025-12-31 15:17:30] 
  Files: N/A
  Input: {}
  Output: No output
--------------------------------------------------------------------------------
[2025-12-31 15:17:36] 
  Files: N/A
  Input: {}
  Output: No output
--------------------------------------------------------------------------------
[2025-12-31 15:17:38] 
  Files: N/A
  Input: {}
  Output: No output
--------------------------------------------------------------------------------
[2025-12-31 15:17:40] 
  Files: N/A
  Input: {}
  Output: No output
--------------------------------------------------------------------------------
[2025-12-31 15:17:52] 
  Files: N/A
  Input: {}
  Output: No output
--------------------------------------------------------------------------------
[2025-12-31 15:18:05] 
  Files: N/A
  Input: {}
  Output: No output
--------------------------------------------------------------------------------
[2025-12-31 15:18:07] 
  Files: N/A
  Input: {}
  Output: No output
--------------------------------------------------------------------------------
[2025-12-31 15:18:42] 
  Files: N/A
  Input: {}
  Output: No output
--------------------------------------------------------------------------------
[2025-12-31 15:19:03] 
  Files: N/A
  Input: {}
  Output: No output
--------------------------------------------------------------------------------
[2025-12-31 15:19:13] 
  Files: N/A
  Input: {}
  Output: No output
--------------------------------------------------------------------------------
[2025-12-31 15:19:26] 
  Files: N/A
  Input: {}
  Output: No output
--------------------------------------------------------------------------------
[2025-12-31 15:19:44] 
  Files: N/A
  Input: {}
  Output: No output
--------------------------------------------------------------------------------
[2025-12-31 15:19:49] 
  Files: N/A
  Input: {}
  Output: No output
--------------------------------------------------------------------------------
[2025-12-31 15:19:54] 
  Files: N/A
  Input: {}
  Output: No output
--------------------------------------------------------------------------------
[2025-12-31 15:20:03] 
  Files: N/A
  Input: {}
  Output: No output
--------------------------------------------------------------------------------
[2025-12-31 15:20:10] 
  Files: N/A
  Input: {}
  Output: No output
--------------------------------------------------------------------------------
[2025-12-31 15:20:18] 
  Files: N/A
  Input: {}
  Output: No output
--------------------------------------------------------------------------------
[2025-12-31 15:20:41] 
  Files: N/A
  Input: {}
  Output: No output
--------------------------------------------------------------------------------
[2025-12-31 15:20:42] 
  Files: N/A
  Input: {}
  Output: No output
--------------------------------------------------------------------------------
[2025-12-31 15:20:43] 
  Files: N/A
  Input: {}
  Output: No output
--------------------------------------------------------------------------------
[2025-12-31 15:20:43] 
  Files: N/A
  Input: {}
  Output: No output
--------------------------------------------------------------------------------
[2025-12-31 15:20:52] 
  Files: N/A
  Input: {}
  Output: No output
--------------------------------------------------------------------------------
[2025-12-31 15:20:53] 
  Files: N/A
  Input: {}
  Output: No output
--------------------------------------------------------------------------------
[2025-12-31 15:20:53] 
  Files: N/A
  Input: {}
  Output: No output
--------------------------------------------------------------------------------
[2025-12-31 15:20:53] 
  Files: N/A
  Input: {}
  Output: No output
--------------------------------------------------------------------------------
[2025-12-31 15:20:54] 
  Files: N/A
  Input: {}
  Output: No output
--------------------------------------------------------------------------------
[2025-12-31 15:20:56] 
  Files: N/A
  Input: {}
  Output: No output
--------------------------------------------------------------------------------
[2025-12-31 15:20:59] 
  Files: N/A
  Input: {}
  Output: No output
--------------------------------------------------------------------------------
[2025-12-31 15:21:04] 
  Files: N/A
  Input: {}
  Output: No output
--------------------------------------------------------------------------------
[2025-12-31 15:21:13] 
  Files: N/A
  Input: {}
  Output: No output
--------------------------------------------------------------------------------
[2025-12-31 15:21:13] 
  Files: N/A
  Input: {}
  Output: No output
--------------------------------------------------------------------------------
[2025-12-31 15:21:13] 
  Files: N/A
  Input: {}
  Output: No output
--------------------------------------------------------------------------------
[2025-12-31 15:21:22] 
  Files: N/A
  Input: {}
  Output: No output
--------------------------------------------------------------------------------
[2025-12-31 15:21:38] 
  Files: N/A
  Input: {}
  Output: No output
--------------------------------------------------------------------------------
[2025-12-31 15:22:00] 
  Files: N/A
  Input: {}
  Output: No output
--------------------------------------------------------------------------------
[2025-12-31 15:22:03] 
  Files: N/A
  Input: {}
  Output: No output
--------------------------------------------------------------------------------
[2025-12-31 15:22:05] 
  Files: N/A
  Input: {}
  Output: No output
--------------------------------------------------------------------------------
[2025-12-31 15:22:07] 
  Files: N/A
  Input: {}
  Output: No output
--------------------------------------------------------------------------------
[2025-12-31 15:22:09] 
  Files: N/A
  Input: {}
  Output: No output
--------------------------------------------------------------------------------
[2025-12-31 15:22:12] 
  Files: N/A
  Input: {}
  Output: No output
--------------------------------------------------------------------------------
[2025-12-31 15:22:14] 
  Files: N/A
  Input: {}
  Output: No output
--------------------------------------------------------------------------------
[2025-12-31 15:22:17] 
  Files: N/A
  Input: {}
  Output: No output
--------------------------------------------------------------------------------
[2025-12-31 15:22:19] 
  Files: N/A
  Input: {}
  Output: No output
--------------------------------------------------------------------------------
[2025-12-31 15:22:26] 
  Files: N/A
  Input: {}
  Output: No output
--------------------------------------------------------------------------------
[2025-12-31 15:22:32] 
  Files: N/A
  Input: {}
  Output: No output
--------------------------------------------------------------------------------
[2025-12-31 15:22:38] 
  Files: N/A
  Input: {}
  Output: No output
--------------------------------------------------------------------------------
[2025-12-31 15:22:46] 
  Files: N/A
  Input: {}
  Output: No output
--------------------------------------------------------------------------------
[2025-12-31 15:22:50] 
  Files: N/A
  Input: {}
  Output: No output
--------------------------------------------------------------------------------
[2025-12-31 15:22:54] 
  Files: N/A
  Input: {}
  Output: No output
--------------------------------------------------------------------------------
[2025-12-31 15:23:03] 
  Files: N/A
  Input: {}
  Output: No output
--------------------------------------------------------------------------------
[2025-12-31 15:23:03] 
  Files: N/A
  Input: {}
  Output: No output
--------------------------------------------------------------------------------
[2025-12-31 15:23:29] 
  Files: N/A
  Input: {}
  Output: No output
--------------------------------------------------------------------------------
[2025-12-31 15:23:30] 
  Files: N/A
  Input: {}
  Output: No output
--------------------------------------------------------------------------------
[2025-12-31 15:23:42] 
  Files: N/A
  Input: {}
  Output: No output
--------------------------------------------------------------------------------
[2025-12-31 15:23:42] 
  Files: N/A
  Input: {}
  Output: No output
--------------------------------------------------------------------------------
[2025-12-31 15:23:54] 
  Files: N/A
  Input: {}
  Output: No output
--------------------------------------------------------------------------------
[2025-12-31 15:24:16] 
  Files: N/A
  Input: {}
  Output: No output
--------------------------------------------------------------------------------
[2025-12-31 15:24:17] 
  Files: N/A
  Input: {}
  Output: No output
--------------------------------------------------------------------------------
[2025-12-31 15:24:19] 
  Files: N/A
  Input: {}
  Output: No output
--------------------------------------------------------------------------------
[2025-12-31 15:24:20] 
  Files: N/A
  Input: {}
  Output: No output
--------------------------------------------------------------------------------
[2025-12-31 15:24:22] 
  Files: N/A
  Input: {}
  Output: No output
--------------------------------------------------------------------------------
[2025-12-31 15:24:23] 
  Files: N/A
  Input: {}
  Output: No output
--------------------------------------------------------------------------------
[2025-12-31 15:24:27] 
  Files: N/A
  Input: {}
  Output: No output
--------------------------------------------------------------------------------
[2025-12-31 15:24:27] 
  Files: N/A
  Input: {}
  Output: No output
--------------------------------------------------------------------------------
[2025-12-31 15:24:35] 
  Files: N/A
  Input: {}
  Output: No output
--------------------------------------------------------------------------------
[2025-12-31 15:24:45] 
  Files: N/A
  Input: {}
  Output: No output
--------------------------------------------------------------------------------
[2025-12-31 15:24:51] 
  Files: N/A
  Input: {}
  Output: No output
--------------------------------------------------------------------------------
[2025-12-31 15:24:56] 
  Files: N/A
  Input: {}
  Output: No output
--------------------------------------------------------------------------------
[2025-12-31 15:24:56] 
  Files: N/A
  Input: {}
  Output: No output
--------------------------------------------------------------------------------
[2025-12-31 15:25:03] 
  Files: N/A
  Input: {}
  Output: No output
--------------------------------------------------------------------------------
[2025-12-31 15:25:09] 
  Files: N/A
  Input: {}
  Output: No output
--------------------------------------------------------------------------------
[2025-12-31 15:25:18] 
  Files: N/A
  Input: {}
  Output: No output
--------------------------------------------------------------------------------
[2025-12-31 15:25:18] 
  Files: N/A
  Input: {}
  Output: No output
--------------------------------------------------------------------------------
[2025-12-31 15:25:25] 
  Files: N/A
  Input: {}
  Output: No output
--------------------------------------------------------------------------------
[2025-12-31 15:25:29] 
  Files: N/A
  Input: {}
  Output: No output
--------------------------------------------------------------------------------
[2025-12-31 15:25:32] 
  Files: N/A
  Input: {}
  Output: No output
--------------------------------------------------------------------------------
[2025-12-31 15:26:01] 
  Files: N/A
  Input: {}
  Output: No output
--------------------------------------------------------------------------------
[2025-12-31 15:26:07] 
  Files: N/A
  Input: {}
  Output: No output
--------------------------------------------------------------------------------
[2025-12-31 15:26:10] 
  Files: N/A
  Input: {}
  Output: No output
--------------------------------------------------------------------------------
[2025-12-31 15:26:18] 
  Files: N/A
  Input: {}
  Output: No output
--------------------------------------------------------------------------------
[2025-12-31 15:26:20] 
  Files: N/A
  Input: {}
  Output: No output
--------------------------------------------------------------------------------
[2025-12-31 15:26:24] 
  Files: N/A
  Input: {}
  Output: No output
--------------------------------------------------------------------------------
[2025-12-31 15:26:29] 
  Files: N/A
  Input: {}
  Output: No output
--------------------------------------------------------------------------------
[2025-12-31 15:26:37] 
  Files: N/A
  Input: {}
  Output: No output
--------------------------------------------------------------------------------
[2025-12-31 15:26:42] 
  Files: N/A
  Input: {}
  Output: No output
--------------------------------------------------------------------------------
[2025-12-31 15:26:42] 
  Files: N/A
  Input: {}
  Output: No output
--------------------------------------------------------------------------------
[2025-12-31 15:26:50] 
  Files: N/A
  Input: {}
  Output: No output
--------------------------------------------------------------------------------
[2025-12-31 15:26:53] 
  Files: N/A
  Input: {}
  Output: No output
--------------------------------------------------------------------------------
[2025-12-31 15:26:56] 
  Files: N/A
  Input: {}
  Output: No output
--------------------------------------------------------------------------------
[2025-12-31 15:26:59] 
  Files: N/A
  Input: {}
  Output: No output
--------------------------------------------------------------------------------
[2025-12-31 15:27:06] 
  Files: N/A
  Input: {}
  Output: No output
--------------------------------------------------------------------------------
[2025-12-31 15:27:07] 
  Files: N/A
  Input: {}
  Output: No output
--------------------------------------------------------------------------------
[2025-12-31 15:27:14] 
  Files: N/A
  Input: {}
  Output: No output
--------------------------------------------------------------------------------
[2025-12-31 15:27:21] 
  Files: N/A
  Input: {}
  Output: No output
--------------------------------------------------------------------------------
[2025-12-31 15:27:27] 
  Files: N/A
  Input: {}
  Output: No output
--------------------------------------------------------------------------------
[2025-12-31 15:27:32] 
  Files: N/A
  Input: {}
  Output: No output
--------------------------------------------------------------------------------
[2025-12-31 15:27:35] 
  Files: N/A
  Input: {}
  Output: No output
--------------------------------------------------------------------------------
[2025-12-31 15:27:42] 
  Files: N/A
  Input: {}
  Output: No output
--------------------------------------------------------------------------------
[2025-12-31 15:27:42] 
  Files: N/A
  Input: {}
  Output: No output
--------------------------------------------------------------------------------
[2025-12-31 15:27:52] 
  Files: N/A
  Input: {}
  Output: No output
--------------------------------------------------------------------------------
[2025-12-31 15:27:54] 
  Files: N/A
  Input: {}
  Output: No output
--------------------------------------------------------------------------------
[2025-12-31 15:28:01] 
  Files: N/A
  Input: {}
  Output: No output
--------------------------------------------------------------------------------
[2025-12-31 15:28:08] 
  Files: N/A
  Input: {}
  Output: No output
--------------------------------------------------------------------------------
[2025-12-31 15:28:20] 
  Files: N/A
  Input: {}
  Output: No output
--------------------------------------------------------------------------------
[2025-12-31 15:28:27] 
  Files: N/A
  Input: {}
  Output: No output
--------------------------------------------------------------------------------
[2025-12-31 15:28:35] 
  Files: N/A
  Input: {}
  Output: No output
--------------------------------------------------------------------------------
[2025-12-31 15:28:42] 
  Files: N/A
  Input: {}
  Output: No output
--------------------------------------------------------------------------------
[2025-12-31 15:29:02] 
  Files: N/A
  Input: {}
  Output: No output
--------------------------------------------------------------------------------
[2025-12-31 15:29:03] 
  Files: N/A
  Input: {}
  Output: No output
--------------------------------------------------------------------------------
[2025-12-31 15:29:04] 
  Files: N/A
  Input: {}
  Output: No output
--------------------------------------------------------------------------------
[2025-12-31 15:29:05] 
  Files: N/A
  Input: {}
  Output: No output
--------------------------------------------------------------------------------
[2025-12-31 15:29:09] 
  Files: N/A
  Input: {}
  Output: No output
--------------------------------------------------------------------------------
[2025-12-31 15:29:18] 
  Files: N/A
  Input: {}
  Output: No output
--------------------------------------------------------------------------------
[2025-12-31 15:29:18] 
  Files: N/A
  Input: {}
  Output: No output
--------------------------------------------------------------------------------
[2025-12-31 15:29:18] 
  Files: N/A
  Input: {}
  Output: No output
--------------------------------------------------------------------------------
[2025-12-31 15:29:18] 
  Files: N/A
  Input: {}
  Output: No output
--------------------------------------------------------------------------------
[2025-12-31 15:29:18] 
  Files: N/A
  Input: {}
  Output: No output
--------------------------------------------------------------------------------
[2025-12-31 15:29:18] 
  Files: N/A
  Input: {}
  Output: No output
--------------------------------------------------------------------------------
[2025-12-31 15:29:18] 
  Files: N/A
  Input: {}
  Output: No output
--------------------------------------------------------------------------------
[2025-12-31 15:29:24] 
  Files: N/A
  Input: {}
  Output: No output
--------------------------------------------------------------------------------
[2025-12-31 15:29:25] 
  Files: N/A
  Input: {}
  Output: No output
--------------------------------------------------------------------------------
[2025-12-31 15:29:25] 
  Files: N/A
  Input: {}
  Output: No output
--------------------------------------------------------------------------------
[2025-12-31 15:29:30] 
  Files: N/A
  Input: {}
  Output: No output
--------------------------------------------------------------------------------
[2025-12-31 15:29:30] 
  Files: N/A
  Input: {}
  Output: No output
--------------------------------------------------------------------------------
[2025-12-31 15:29:30] 
  Files: N/A
  Input: {}
  Output: No output
--------------------------------------------------------------------------------
[2025-12-31 15:29:30] 
  Files: N/A
  Input: {}
  Output: No output
--------------------------------------------------------------------------------
[2025-12-31 15:29:34] 
  Files: N/A
  Input: {}
  Output: No output
--------------------------------------------------------------------------------
[2025-12-31 15:29:42] 
  Files: N/A
  Input: {}
  Output: No output
--------------------------------------------------------------------------------
[2025-12-31 15:29:48] 
  Files: N/A
  Input: {}
  Output: No output
--------------------------------------------------------------------------------
[2025-12-31 15:29:50] 
  Files: N/A
  Input: {}
  Output: No output
--------------------------------------------------------------------------------
[2025-12-31 15:29:52] 
  Files: N/A
  Input: {}
  Output: No output
--------------------------------------------------------------------------------
[2025-12-31 15:29:58] 
  Files: N/A
  Input: {}
  Output: No output
--------------------------------------------------------------------------------
[2025-12-31 15:30:18] 
  Files: N/A
  Input: {}
  Output: No output
--------------------------------------------------------------------------------
[2025-12-31 15:30:25] 
  Files: N/A
  Input: {}
  Output: No output
--------------------------------------------------------------------------------
[2025-12-31 15:30:25] 
  Files: N/A
  Input: {}
  Output: No output
--------------------------------------------------------------------------------
[2025-12-31 15:30:28] 
  Files: N/A
  Input: {}
  Output: No output
--------------------------------------------------------------------------------
[2025-12-31 15:30:31] 
  Files: N/A
  Input: {}
  Output: No output
--------------------------------------------------------------------------------
[2025-12-31 15:30:32] 
  Files: N/A
  Input: {}
  Output: No output
--------------------------------------------------------------------------------
[2025-12-31 15:30:35] 
  Files: N/A
  Input: {}
  Output: No output
--------------------------------------------------------------------------------
[2025-12-31 15:30:37] 
  Files: N/A
  Input: {}
  Output: No output
--------------------------------------------------------------------------------
[2025-12-31 15:30:40] 
  Files: N/A
  Input: {}
  Output: No output
--------------------------------------------------------------------------------
[2025-12-31 15:30:44] 
  Files: N/A
  Input: {}
  Output: No output
--------------------------------------------------------------------------------
[2025-12-31 15:30:44] 
  Files: N/A
  Input: {}
  Output: No output
--------------------------------------------------------------------------------
[2025-12-31 15:30:47] 
  Files: N/A
  Input: {}
  Output: No output
--------------------------------------------------------------------------------
[2025-12-31 15:30:50] 
  Files: N/A
  Input: {}
  Output: No output
--------------------------------------------------------------------------------
[2025-12-31 15:30:51] 
  Files: N/A
  Input: {}
  Output: No output
--------------------------------------------------------------------------------
[2025-12-31 15:31:09] 
  Files: N/A
  Input: {}
  Output: No output
--------------------------------------------------------------------------------
[2025-12-31 15:31:11] 
  Files: N/A
  Input: {}
  Output: No output
--------------------------------------------------------------------------------
[2025-12-31 15:31:13] 
  Files: N/A
  Input: {}
  Output: No output
--------------------------------------------------------------------------------
[2025-12-31 15:31:16] 
  Files: N/A
  Input: {}
  Output: No output
--------------------------------------------------------------------------------
[2025-12-31 15:31:19] 
  Files: N/A
  Input: {}
  Output: No output
--------------------------------------------------------------------------------
[2025-12-31 15:31:38] 
  Files: N/A
  Input: {}
  Output: No output
--------------------------------------------------------------------------------
[2025-12-31 15:31:42] 
  Files: N/A
  Input: {}
  Output: No output
--------------------------------------------------------------------------------
[2025-12-31 15:31:48] 
  Files: N/A
  Input: {}
  Output: No output
--------------------------------------------------------------------------------
[2025-12-31 15:32:19] 
  Files: N/A
  Input: {}
  Output: No output
--------------------------------------------------------------------------------
[2025-12-31 15:32:23] 
  Files: N/A
  Input: {}
  Output: No output
--------------------------------------------------------------------------------
[2025-12-31 15:32:26] 
  Files: N/A
  Input: {}
  Output: No output
--------------------------------------------------------------------------------
[2025-12-31 15:32:28] 
  Files: N/A
  Input: {}
  Output: No output
--------------------------------------------------------------------------------
[2025-12-31 15:32:30] 
  Files: N/A
  Input: {}
  Output: No output
--------------------------------------------------------------------------------
[2025-12-31 15:32:33] 
  Files: N/A
  Input: {}
  Output: No output
--------------------------------------------------------------------------------
[2025-12-31 15:32:35] 
  Files: N/A
  Input: {}
  Output: No output
--------------------------------------------------------------------------------
[2025-12-31 15:32:37] 
  Files: N/A
  Input: {}
  Output: No output
--------------------------------------------------------------------------------
[2025-12-31 15:32:39] 
  Files: N/A
  Input: {}
  Output: No output
--------------------------------------------------------------------------------
[2025-12-31 15:32:41] 
  Files: N/A
  Input: {}
  Output: No output
--------------------------------------------------------------------------------
[2025-12-31 15:32:43] 
  Files: N/A
  Input: {}
  Output: No output
--------------------------------------------------------------------------------
[2025-12-31 15:33:11] 
  Files: N/A
  Input: {}
  Output: No output
--------------------------------------------------------------------------------
[2025-12-31 15:33:14] 
  Files: N/A
  Input: {}
  Output: No output
--------------------------------------------------------------------------------
[2025-12-31 15:33:16] 
  Files: N/A
  Input: {}
  Output: No output
--------------------------------------------------------------------------------
[2025-12-31 15:33:18] 
  Files: N/A
  Input: {}
  Output: No output
--------------------------------------------------------------------------------
[2025-12-31 15:33:30] 
  Files: N/A
  Input: {}
  Output: No output
--------------------------------------------------------------------------------
[2025-12-31 15:33:30] 
  Files: N/A
  Input: {}
  Output: No output
--------------------------------------------------------------------------------
[2025-12-31 15:33:39] 
  Files: N/A
  Input: {}
  Output: No output
--------------------------------------------------------------------------------
[2025-12-31 15:33:40] 
  Files: N/A
  Input: {}
  Output: No output
--------------------------------------------------------------------------------
[2025-12-31 15:33:47] 
  Files: N/A
  Input: {}
  Output: No output
--------------------------------------------------------------------------------
[2025-12-31 15:33:54] 
  Files: N/A
  Input: {}
  Output: No output
--------------------------------------------------------------------------------
[2025-12-31 15:33:57] 
  Files: N/A
  Input: {}
  Output: No output
--------------------------------------------------------------------------------
[2025-12-31 15:34:00] 
  Files: N/A
  Input: {}
  Output: No output
--------------------------------------------------------------------------------
[2025-12-31 15:34:08] 
  Files: N/A
  Input: {}
  Output: No output
--------------------------------------------------------------------------------
[2025-12-31 15:34:23] 
  Files: N/A
  Input: {}
  Output: No output
--------------------------------------------------------------------------------
[2025-12-31 15:34:23] 
  Files: N/A
  Input: {}
  Output: No output
--------------------------------------------------------------------------------
[2025-12-31 15:34:23] 
  Files: N/A
  Input: {}
  Output: No output
--------------------------------------------------------------------------------
[2025-12-31 15:34:23] 
  Files: N/A
  Input: {}
  Output: No output
--------------------------------------------------------------------------------
[2025-12-31 15:34:23] 
  Files: N/A
  Input: {}
  Output: No output
--------------------------------------------------------------------------------
[2025-12-31 15:34:23] 
  Files: N/A
  Input: {}
  Output: No output
--------------------------------------------------------------------------------
[2025-12-31 15:34:33] 
  Files: N/A
  Input: {}
  Output: No output
--------------------------------------------------------------------------------
[2025-12-31 15:34:36] 
  Files: N/A
  Input: {}
  Output: No output
--------------------------------------------------------------------------------
[2025-12-31 15:34:36] 
  Files: N/A
  Input: {}
  Output: No output
--------------------------------------------------------------------------------
[2025-12-31 15:34:40] 
  Files: N/A
  Input: {}
  Output: No output
--------------------------------------------------------------------------------
[2025-12-31 15:34:43] 
  Files: N/A
  Input: {}
  Output: No output
--------------------------------------------------------------------------------
[2025-12-31 15:34:51] 
  Files: N/A
  Input: {}
  Output: No output
--------------------------------------------------------------------------------
[2025-12-31 15:34:53] 
  Files: N/A
  Input: {}
  Output: No output
--------------------------------------------------------------------------------
[2025-12-31 15:35:06] 
  Files: N/A
  Input: {}
  Output: No output
--------------------------------------------------------------------------------
[2025-12-31 15:35:11] 
  Files: N/A
  Input: {}
  Output: No output
--------------------------------------------------------------------------------
[2025-12-31 15:35:31] 
  Files: N/A
  Input: {}
  Output: No output
--------------------------------------------------------------------------------
[2025-12-31 15:35:39] 
  Files: N/A
  Input: {}
  Output: No output
--------------------------------------------------------------------------------
[2025-12-31 15:36:03] 
  Files: N/A
  Input: {}
  Output: No output
--------------------------------------------------------------------------------
[2025-12-31 15:36:05] 
  Files: N/A
  Input: {}
  Output: No output
--------------------------------------------------------------------------------
[2025-12-31 15:36:13] 
  Files: N/A
  Input: {}
  Output: No output
--------------------------------------------------------------------------------
[2025-12-31 15:36:39] 
  Files: N/A
  Input: {}
  Output: No output
--------------------------------------------------------------------------------
[2025-12-31 15:36:41] 
  Files: N/A
  Input: {}
  Output: No output
--------------------------------------------------------------------------------
[2025-12-31 15:36:43] 
  Files: N/A
  Input: {}
  Output: No output
--------------------------------------------------------------------------------
[2025-12-31 15:37:08] 
  Files: N/A
  Input: {}
  Output: No output
--------------------------------------------------------------------------------
[2025-12-31 15:37:23] 
  Files: N/A
  Input: {}
  Output: No output
--------------------------------------------------------------------------------
[2025-12-31 15:37:28] 
  Files: N/A
  Input: {}
  Output: No output
--------------------------------------------------------------------------------
[2025-12-31 15:38:04] 
  Files: N/A
  Input: {}
  Output: No output
--------------------------------------------------------------------------------
[2025-12-31 15:38:06] 
  Files: N/A
  Input: {}
  Output: No output
--------------------------------------------------------------------------------
[2025-12-31 15:38:09] 
  Files: N/A
  Input: {}
  Output: No output
--------------------------------------------------------------------------------
[2025-12-31 15:38:13] 
  Files: N/A
  Input: {}
  Output: No output
--------------------------------------------------------------------------------
[2025-12-31 15:38:38] 
  Files: N/A
  Input: {}
  Output: No output
--------------------------------------------------------------------------------
[2025-12-31 15:38:41] 
  Files: N/A
  Input: {}
  Output: No output
--------------------------------------------------------------------------------
[2025-12-31 15:38:49] 
  Files: N/A
  Input: {}
  Output: No output
--------------------------------------------------------------------------------
[2025-12-31 15:38:53] 
  Files: N/A
  Input: {}
  Output: No output
--------------------------------------------------------------------------------
[2025-12-31 15:39:02] 
  Files: N/A
  Input: {}
  Output: No output
--------------------------------------------------------------------------------
[2025-12-31 15:39:17] 
  Files: N/A
  Input: {}
  Output: No output
--------------------------------------------------------------------------------
[2025-12-31 15:39:26] 
  Files: N/A
  Input: {}
  Output: No output
--------------------------------------------------------------------------------
[2025-12-31 15:39:37] 
  Files: N/A
  Input: {}
  Output: No output
--------------------------------------------------------------------------------
[2025-12-31 15:39:49] 
  Files: N/A
  Input: {}
  Output: No output
--------------------------------------------------------------------------------
[2025-12-31 15:40:02] 
  Files: N/A
  Input: {}
  Output: No output
--------------------------------------------------------------------------------
[2025-12-31 15:40:09] 
  Files: N/A
  Input: {}
  Output: No output
--------------------------------------------------------------------------------
[2025-12-31 15:40:32] 
  Files: N/A
  Input: {}
  Output: No output
--------------------------------------------------------------------------------
[2025-12-31 15:40:33] 
  Files: N/A
  Input: {}
  Output: No output
--------------------------------------------------------------------------------
[2025-12-31 15:40:34] 
  Files: N/A
  Input: {}
  Output: No output
--------------------------------------------------------------------------------
[2025-12-31 15:40:35] 
  Files: N/A
  Input: {}
  Output: No output
--------------------------------------------------------------------------------
[2025-12-31 15:40:39] 
  Files: N/A
  Input: {}
  Output: No output
--------------------------------------------------------------------------------
[2025-12-31 15:40:43] 
  Files: N/A
  Input: {}
  Output: No output
--------------------------------------------------------------------------------
[2025-12-31 15:40:44] 
  Files: N/A
  Input: {}
  Output: No output
--------------------------------------------------------------------------------
[2025-12-31 15:40:44] 
  Files: N/A
  Input: {}
  Output: No output
--------------------------------------------------------------------------------
[2025-12-31 15:40:44] 
  Files: N/A
  Input: {}
  Output: No output
--------------------------------------------------------------------------------
[2025-12-31 15:40:44] 
  Files: N/A
  Input: {}
  Output: No output
--------------------------------------------------------------------------------
[2025-12-31 15:41:02] 
  Files: N/A
  Input: {}
  Output: No output
--------------------------------------------------------------------------------
[2025-12-31 15:41:02] 
  Files: N/A
  Input: {}
  Output: No output
--------------------------------------------------------------------------------
[2025-12-31 15:41:02] 
  Files: N/A
  Input: {}
  Output: No output
--------------------------------------------------------------------------------
[2025-12-31 15:41:02] 
  Files: N/A
  Input: {}
  Output: No output
--------------------------------------------------------------------------------
[2025-12-31 15:41:02] 
  Files: N/A
  Input: {}
  Output: No output
--------------------------------------------------------------------------------
[2025-12-31 15:41:03] 
  Files: N/A
  Input: {}
  Output: No output
--------------------------------------------------------------------------------
[2025-12-31 15:41:03] 
  Files: N/A
  Input: {}
  Output: No output
--------------------------------------------------------------------------------
[2025-12-31 15:41:04] 
  Files: N/A
  Input: {}
  Output: No output
--------------------------------------------------------------------------------
[2025-12-31 15:41:25] 
  Files: N/A
  Input: {}
  Output: No output
--------------------------------------------------------------------------------
[2025-12-31 15:41:25] 
  Files: N/A
  Input: {}
  Output: No output
--------------------------------------------------------------------------------
[2025-12-31 15:41:25] 
  Files: N/A
  Input: {}
  Output: No output
--------------------------------------------------------------------------------
[2025-12-31 15:41:25] 
  Files: N/A
  Input: {}
  Output: No output
--------------------------------------------------------------------------------
[2025-12-31 15:41:25] 
  Files: N/A
  Input: {}
  Output: No output
--------------------------------------------------------------------------------
[2025-12-31 15:41:25] 
  Files: N/A
  Input: {}
  Output: No output
--------------------------------------------------------------------------------
[2025-12-31 15:41:39] 
  Files: N/A
  Input: {}
  Output: No output
--------------------------------------------------------------------------------
[2025-12-31 15:41:40] 
  Files: N/A
  Input: {}
  Output: No output
--------------------------------------------------------------------------------
[2025-12-31 15:41:46] 
  Files: N/A
  Input: {}
  Output: No output
--------------------------------------------------------------------------------
[2025-12-31 15:41:46] 
  Files: N/A
  Input: {}
  Output: No output
--------------------------------------------------------------------------------
[2025-12-31 15:41:53] 
  Files: N/A
  Input: {}
  Output: No output
--------------------------------------------------------------------------------
[2025-12-31 15:41:53] 
  Files: N/A
  Input: {}
  Output: No output
--------------------------------------------------------------------------------
[2025-12-31 15:41:55] 
  Files: N/A
  Input: {}
  Output: No output
--------------------------------------------------------------------------------
[2025-12-31 15:42:04] 
  Files: N/A
  Input: {}
  Output: No output
--------------------------------------------------------------------------------
[2025-12-31 15:42:06] 
  Files: N/A
  Input: {}
  Output: No output
--------------------------------------------------------------------------------
[2025-12-31 15:42:18] 
  Files: N/A
  Input: {}
  Output: No output
--------------------------------------------------------------------------------
[2025-12-31 15:42:20] 
  Files: N/A
  Input: {}
  Output: No output
--------------------------------------------------------------------------------
[2025-12-31 15:42:26] 
  Files: N/A
  Input: {}
  Output: No output
--------------------------------------------------------------------------------
[2025-12-31 15:42:26] 
  Files: N/A
  Input: {}
  Output: No output
--------------------------------------------------------------------------------
[2025-12-31 15:42:33] 
  Files: N/A
  Input: {}
  Output: No output
--------------------------------------------------------------------------------
[2025-12-31 15:42:33] 
  Files: N/A
  Input: {}
  Output: No output
--------------------------------------------------------------------------------
[2025-12-31 15:42:33] 
  Files: N/A
  Input: {}
  Output: No output
--------------------------------------------------------------------------------
[2025-12-31 15:42:39] 
  Files: N/A
  Input: {}
  Output: No output
--------------------------------------------------------------------------------
[2025-12-31 15:42:50] 
  Files: N/A
  Input: {}
  Output: No output
--------------------------------------------------------------------------------
[2025-12-31 15:42:54] 
  Files: N/A
  Input: {}
  Output: No output
--------------------------------------------------------------------------------
[2025-12-31 15:43:04] 
  Files: N/A
  Input: {}
  Output: No output
--------------------------------------------------------------------------------
[2025-12-31 15:43:09] 
  Files: N/A
  Input: {}
  Output: No output
--------------------------------------------------------------------------------
[2025-12-31 15:43:20] 
  Files: N/A
  Input: {}
  Output: No output
--------------------------------------------------------------------------------
[2025-12-31 15:43:26] 
  Files: N/A
  Input: {}
  Output: No output
--------------------------------------------------------------------------------
[2025-12-31 15:43:28] 
  Files: N/A
  Input: {}
  Output: No output
--------------------------------------------------------------------------------
[2025-12-31 15:43:39] 
  Files: N/A
  Input: {}
  Output: No output
--------------------------------------------------------------------------------
[2025-12-31 15:43:43] 
  Files: N/A
  Input: {}
  Output: No output
--------------------------------------------------------------------------------
[2025-12-31 15:43:59] 
  Files: N/A
  Input: {}
  Output: No output
--------------------------------------------------------------------------------
[2025-12-31 15:44:02] 
  Files: N/A
  Input: {}
  Output: No output
--------------------------------------------------------------------------------
[2025-12-31 15:44:20] 
  Files: N/A
  Input: {}
  Output: No output
--------------------------------------------------------------------------------
[2025-12-31 15:44:23] 
  Files: N/A
  Input: {}
  Output: No output
--------------------------------------------------------------------------------
[2025-12-31 15:44:28] 
  Files: N/A
  Input: {}
  Output: No output
--------------------------------------------------------------------------------
[2025-12-31 15:44:35] 
  Files: N/A
  Input: {}
  Output: No output
--------------------------------------------------------------------------------
[2025-12-31 15:44:37] 
  Files: N/A
  Input: {}
  Output: No output
--------------------------------------------------------------------------------
[2025-12-31 15:44:40] 
  Files: N/A
  Input: {}
  Output: No output
--------------------------------------------------------------------------------
[2025-12-31 15:44:51] 
  Files: N/A
  Input: {}
  Output: No output
--------------------------------------------------------------------------------
[2025-12-31 15:44:53] 
  Files: N/A
  Input: {}
  Output: No output
--------------------------------------------------------------------------------
[2025-12-31 15:45:04] 
  Files: N/A
  Input: {}
  Output: No output
--------------------------------------------------------------------------------
[2025-12-31 15:45:11] 
  Files: N/A
  Input: {}
  Output: No output
--------------------------------------------------------------------------------
[2025-12-31 15:45:11] 
  Files: N/A
  Input: {}
  Output: No output
--------------------------------------------------------------------------------
[2025-12-31 15:45:18] 
  Files: N/A
  Input: {}
  Output: No output
--------------------------------------------------------------------------------
[2025-12-31 15:45:25] 
  Files: N/A
  Input: {}
  Output: No output
--------------------------------------------------------------------------------
[2025-12-31 15:45:28] 
  Files: N/A
  Input: {}
  Output: No output
--------------------------------------------------------------------------------
[2025-12-31 15:45:36] 
  Files: N/A
  Input: {}
  Output: No output
--------------------------------------------------------------------------------
[2025-12-31 15:45:39] 
  Files: N/A
  Input: {}
  Output: No output
--------------------------------------------------------------------------------
[2025-12-31 15:45:45] 
  Files: N/A
  Input: {}
  Output: No output
--------------------------------------------------------------------------------
[2025-12-31 15:45:53] 
  Files: N/A
  Input: {}
  Output: No output
--------------------------------------------------------------------------------
[2025-12-31 15:45:58] 
  Files: N/A
  Input: {}
  Output: No output
--------------------------------------------------------------------------------
[2025-12-31 15:46:05] 
  Files: N/A
  Input: {}
  Output: No output
--------------------------------------------------------------------------------
[2025-12-31 15:46:12] 
  Files: N/A
  Input: {}
  Output: No output
--------------------------------------------------------------------------------
[2025-12-31 15:46:24] 
  Files: N/A
  Input: {}
  Output: No output
--------------------------------------------------------------------------------
[2025-12-31 15:46:24] 
  Files: N/A
  Input: {}
  Output: No output
--------------------------------------------------------------------------------
[2025-12-31 15:46:51] 
  Files: N/A
  Input: {}
  Output: No output
--------------------------------------------------------------------------------
[2025-12-31 15:46:54] 
  Files: N/A
  Input: {}
  Output: No output
--------------------------------------------------------------------------------
[2025-12-31 15:47:01] 
  Files: N/A
  Input: {}
  Output: No output
--------------------------------------------------------------------------------
[2025-12-31 15:47:11] 
  Files: N/A
  Input: {}
  Output: No output
--------------------------------------------------------------------------------
[2025-12-31 15:47:14] 
  Files: N/A
  Input: {}
  Output: No output
--------------------------------------------------------------------------------
[2025-12-31 15:47:27] 
  Files: N/A
  Input: {}
  Output: No output
--------------------------------------------------------------------------------
[2025-12-31 15:47:31] 
  Files: N/A
  Input: {}
  Output: No output
--------------------------------------------------------------------------------
[2025-12-31 15:47:40] 
  Files: N/A
  Input: {}
  Output: No output
--------------------------------------------------------------------------------
[2025-12-31 15:47:43] 
  Files: N/A
  Input: {}
  Output: No output
--------------------------------------------------------------------------------
[2025-12-31 15:47:51] 
  Files: N/A
  Input: {}
  Output: No output
--------------------------------------------------------------------------------
[2025-12-31 15:47:56] 
  Files: N/A
  Input: {}
  Output: No output
--------------------------------------------------------------------------------
[2025-12-31 15:48:05] 
  Files: N/A
  Input: {}
  Output: No output
--------------------------------------------------------------------------------
[2025-12-31 15:48:09] 
  Files: N/A
  Input: {}
  Output: No output
--------------------------------------------------------------------------------
[2025-12-31 15:48:20] 
  Files: N/A
  Input: {}
  Output: No output
--------------------------------------------------------------------------------
[2025-12-31 15:48:20] 
  Files: N/A
  Input: {}
  Output: No output
--------------------------------------------------------------------------------
[2025-12-31 15:48:30] 
  Files: N/A
  Input: {}
  Output: No output
--------------------------------------------------------------------------------
[2025-12-31 15:48:34] 
  Files: N/A
  Input: {}
  Output: No output
--------------------------------------------------------------------------------
[2025-12-31 15:48:38] 
  Files: N/A
  Input: {}
  Output: No output
--------------------------------------------------------------------------------
[2025-12-31 15:48:49] 
  Files: N/A
  Input: {}
  Output: No output
--------------------------------------------------------------------------------
[2025-12-31 15:48:50] 
  Files: N/A
  Input: {}
  Output: No output
--------------------------------------------------------------------------------
[2025-12-31 15:49:04] 
  Files: N/A
  Input: {}
  Output: No output
--------------------------------------------------------------------------------
[2025-12-31 15:49:04] 
  Files: N/A
  Input: {}
  Output: No output
--------------------------------------------------------------------------------
[2025-12-31 15:49:17] 
  Files: N/A
  Input: {}
  Output: No output
--------------------------------------------------------------------------------
[2025-12-31 15:49:19] 
  Files: N/A
  Input: {}
  Output: No output
--------------------------------------------------------------------------------
[2025-12-31 15:49:25] 
  Files: N/A
  Input: {}
  Output: No output
--------------------------------------------------------------------------------
[2025-12-31 15:49:28] 
  Files: N/A
  Input: {}
  Output: No output
--------------------------------------------------------------------------------
[2025-12-31 15:49:34] 
  Files: N/A
  Input: {}
  Output: No output
--------------------------------------------------------------------------------
[2025-12-31 15:49:41] 
  Files: N/A
  Input: {}
  Output: No output
--------------------------------------------------------------------------------
[2025-12-31 15:49:44] 
  Files: N/A
  Input: {}
  Output: No output
--------------------------------------------------------------------------------
[2025-12-31 15:49:54] 
  Files: N/A
  Input: {}
  Output: No output
--------------------------------------------------------------------------------
[2025-12-31 15:49:58] 
  Files: N/A
  Input: {}
  Output: No output
--------------------------------------------------------------------------------
[2025-12-31 15:50:03] 
  Files: N/A
  Input: {}
  Output: No output
--------------------------------------------------------------------------------
[2025-12-31 15:50:11] 
  Files: N/A
  Input: {}
  Output: No output
--------------------------------------------------------------------------------
[2025-12-31 15:50:20] 
  Files: N/A
  Input: {}
  Output: No output
--------------------------------------------------------------------------------
[2025-12-31 15:50:22] 
  Files: N/A
  Input: {}
  Output: No output
--------------------------------------------------------------------------------
[2025-12-31 15:50:27] 
  Files: N/A
  Input: {}
  Output: No output
--------------------------------------------------------------------------------
[2025-12-31 15:50:33] 
  Files: N/A
  Input: {}
  Output: No output
--------------------------------------------------------------------------------
[2025-12-31 15:50:45] 
  Files: N/A
  Input: {}
  Output: No output
--------------------------------------------------------------------------------
[2025-12-31 15:50:45] 
  Files: N/A
  Input: {}
  Output: No output
--------------------------------------------------------------------------------
[2025-12-31 15:50:58] 
  Files: N/A
  Input: {}
  Output: No output
--------------------------------------------------------------------------------
[2025-12-31 15:51:11] 
  Files: N/A
  Input: {}
  Output: No output
--------------------------------------------------------------------------------
[2025-12-31 15:51:24] 
  Files: N/A
  Input: {}
  Output: No output
--------------------------------------------------------------------------------
[2025-12-31 15:51:27] 
  Files: N/A
  Input: {}
  Output: No output
--------------------------------------------------------------------------------
[2025-12-31 15:51:31] 
  Files: N/A
  Input: {}
  Output: No output
--------------------------------------------------------------------------------
[2025-12-31 15:51:39] 
  Files: N/A
  Input: {}
  Output: No output
--------------------------------------------------------------------------------
[2025-12-31 15:51:49] 
  Files: N/A
  Input: {}
  Output: No output
--------------------------------------------------------------------------------
[2025-12-31 15:51:50] 
  Files: N/A
  Input: {}
  Output: No output
--------------------------------------------------------------------------------
[2025-12-31 15:51:58] 
  Files: N/A
  Input: {}
  Output: No output
--------------------------------------------------------------------------------
[2025-12-31 15:52:04] 
  Files: N/A
  Input: {}
  Output: No output
--------------------------------------------------------------------------------
[2025-12-31 15:52:09] 
  Files: N/A
  Input: {}
  Output: No output
--------------------------------------------------------------------------------
[2025-12-31 15:52:34] 
  Files: N/A
  Input: {}
  Output: No output
--------------------------------------------------------------------------------
[2025-12-31 15:53:03] 
  Files: N/A
  Input: {}
  Output: No output
--------------------------------------------------------------------------------
[2025-12-31 15:53:50] 
  Files: N/A
  Input: {}
  Output: No output
--------------------------------------------------------------------------------
[2025-12-31 15:56:09] 
  Files: N/A
  Input: {}
  Output: No output
--------------------------------------------------------------------------------
[2025-12-31 15:58:16] 
  Files: N/A
  Input: {}
  Output: No output
--------------------------------------------------------------------------------
[2025-12-31 15:59:46] 
  Files: N/A
  Input: {}
  Output: No output
--------------------------------------------------------------------------------
[2025-12-31 16:00:29] 
  Files: N/A
  Input: {}
  Output: No output
--------------------------------------------------------------------------------
[2025-12-31 16:00:56] 
  Files: N/A
  Input: {}
  Output: No output
--------------------------------------------------------------------------------
[2025-12-31 16:02:04] 
  Files: N/A
  Input: {}
  Output: No output
--------------------------------------------------------------------------------
[2025-12-31 16:02:32] 
  Files: N/A
  Input: {}
  Output: No output
--------------------------------------------------------------------------------
[2025-12-31 16:03:54] 
  Files: N/A
  Input: {}
  Output: No output
--------------------------------------------------------------------------------
[2025-12-31 16:06:16] 
  Files: N/A
  Input: {}
  Output: No output
--------------------------------------------------------------------------------
[2025-12-31 16:06:53] 
  Files: N/A
  Input: {}
  Output: No output
--------------------------------------------------------------------------------
[2025-12-31 16:07:04] 
  Files: N/A
  Input: {}
  Output: No output
--------------------------------------------------------------------------------
[2025-12-31 16:07:40] 
  Files: N/A
  Input: {}
  Output: No output
--------------------------------------------------------------------------------
[2025-12-31 16:07:51] 
  Files: N/A
  Input: {}
  Output: No output
--------------------------------------------------------------------------------
[2025-12-31 16:07:58] 
  Files: N/A
  Input: {}
  Output: No output
--------------------------------------------------------------------------------
[2025-12-31 16:08:08] 
  Files: N/A
  Input: {}
  Output: No output
--------------------------------------------------------------------------------
[2025-12-31 16:08:17] 
  Files: N/A
  Input: {}
  Output: No output
--------------------------------------------------------------------------------
[2025-12-31 16:08:24] 
  Files: N/A
  Input: {}
  Output: No output
--------------------------------------------------------------------------------
[2025-12-31 16:08:33] 
  Files: N/A
  Input: {}
  Output: No output
--------------------------------------------------------------------------------
[2025-12-31 16:08:43] 
  Files: N/A
  Input: {}
  Output: No output
--------------------------------------------------------------------------------
[2025-12-31 16:09:12] 
  Files: N/A
  Input: {}
  Output: No output
--------------------------------------------------------------------------------
[2025-12-31 16:09:22] 
  Files: N/A
  Input: {}
  Output: No output
--------------------------------------------------------------------------------
[2025-12-31 16:09:43] 
  Files: N/A
  Input: {}
  Output: No output
--------------------------------------------------------------------------------
[2025-12-31 16:09:55] 
  Files: N/A
  Input: {}
  Output: No output
--------------------------------------------------------------------------------
[2025-12-31 16:10:05] 
  Files: N/A
  Input: {}
  Output: No output
--------------------------------------------------------------------------------
[2025-12-31 16:10:37] 
  Files: N/A
  Input: {}
  Output: No output
--------------------------------------------------------------------------------
[2025-12-31 16:10:37] 
  Files: N/A
  Input: {}
  Output: No output
--------------------------------------------------------------------------------
[2025-12-31 16:10:43] 
  Files: N/A
  Input: {}
  Output: No output
--------------------------------------------------------------------------------
[2025-12-31 16:10:43] 
  Files: N/A
  Input: {}
  Output: No output
--------------------------------------------------------------------------------
[2025-12-31 16:10:53] 
  Files: N/A
  Input: {}
  Output: No output
--------------------------------------------------------------------------------
[2025-12-31 16:10:54] 
  Files: N/A
  Input: {}
  Output: No output
--------------------------------------------------------------------------------
[2025-12-31 16:10:54] 
  Files: N/A
  Input: {}
  Output: No output
--------------------------------------------------------------------------------
[2025-12-31 16:11:12] 
  Files: N/A
  Input: {}
  Output: No output
--------------------------------------------------------------------------------
[2025-12-31 16:11:14] 
  Files: N/A
  Input: {}
  Output: No output
--------------------------------------------------------------------------------
[2025-12-31 16:11:14] 
  Files: N/A
  Input: {}
  Output: No output
--------------------------------------------------------------------------------
[2025-12-31 16:11:14] 
  Files: N/A
  Input: {}
  Output: No output
--------------------------------------------------------------------------------
[2025-12-31 16:11:15] 
  Files: N/A
  Input: {}
  Output: No output
--------------------------------------------------------------------------------
[2025-12-31 16:11:15] 
  Files: N/A
  Input: {}
  Output: No output
--------------------------------------------------------------------------------
[2025-12-31 16:11:17] 
  Files: N/A
  Input: {}
  Output: No output
--------------------------------------------------------------------------------
[2025-12-31 16:11:34] 
  Files: N/A
  Input: {}
  Output: No output
--------------------------------------------------------------------------------
[2025-12-31 16:11:35] 
  Files: N/A
  Input: {}
  Output: No output
--------------------------------------------------------------------------------
[2025-12-31 16:11:35] 
  Files: N/A
  Input: {}
  Output: No output
--------------------------------------------------------------------------------
[2025-12-31 16:11:35] 
  Files: N/A
  Input: {}
  Output: No output
--------------------------------------------------------------------------------
[2025-12-31 16:11:35] 
  Files: N/A
  Input: {}
  Output: No output
--------------------------------------------------------------------------------
[2025-12-31 16:11:37] 
  Files: N/A
  Input: {}
  Output: No output
--------------------------------------------------------------------------------
[2025-12-31 16:11:43] 
  Files: N/A
  Input: {}
  Output: No output
--------------------------------------------------------------------------------
[2025-12-31 16:11:43] 
  Files: N/A
  Input: {}
  Output: No output
--------------------------------------------------------------------------------
[2025-12-31 16:11:50] 
  Files: N/A
  Input: {}
  Output: No output
--------------------------------------------------------------------------------
[2025-12-31 16:11:50] 
  Files: N/A
  Input: {}
  Output: No output
--------------------------------------------------------------------------------
[2025-12-31 16:11:50] 
  Files: N/A
  Input: {}
  Output: No output
--------------------------------------------------------------------------------
[2025-12-31 16:11:51] 
  Files: N/A
  Input: {}
  Output: No output
--------------------------------------------------------------------------------
[2025-12-31 16:11:58] 
  Files: N/A
  Input: {}
  Output: No output
--------------------------------------------------------------------------------
[2025-12-31 16:11:58] 
  Files: N/A
  Input: {}
  Output: No output
--------------------------------------------------------------------------------
[2025-12-31 16:12:00] 
  Files: N/A
  Input: {}
  Output: No output
--------------------------------------------------------------------------------
[2025-12-31 16:12:08] 
  Files: N/A
  Input: {}
  Output: No output
--------------------------------------------------------------------------------
[2025-12-31 16:12:16] 
  Files: N/A
  Input: {}
  Output: No output
--------------------------------------------------------------------------------
[2025-12-31 16:12:21] 
  Files: N/A
  Input: {}
  Output: No output
--------------------------------------------------------------------------------
[2025-12-31 16:12:25] 
  Files: N/A
  Input: {}
  Output: No output
--------------------------------------------------------------------------------
[2025-12-31 16:12:32] 
  Files: N/A
  Input: {}
  Output: No output
--------------------------------------------------------------------------------
[2025-12-31 16:12:40] 
  Files: N/A
  Input: {}
  Output: No output
--------------------------------------------------------------------------------
[2025-12-31 16:12:42] 
  Files: N/A
  Input: {}
  Output: No output
--------------------------------------------------------------------------------
[2025-12-31 16:12:48] 
  Files: N/A
  Input: {}
  Output: No output
--------------------------------------------------------------------------------
[2025-12-31 16:12:53] 
  Files: N/A
  Input: {}
  Output: No output
--------------------------------------------------------------------------------
[2025-12-31 16:13:02] 
  Files: N/A
  Input: {}
  Output: No output
--------------------------------------------------------------------------------
[2025-12-31 16:13:08] 
  Files: N/A
  Input: {}
  Output: No output
--------------------------------------------------------------------------------
[2025-12-31 16:13:15] 
  Files: N/A
  Input: {}
  Output: No output
--------------------------------------------------------------------------------
[2025-12-31 16:13:24] 
  Files: N/A
  Input: {}
  Output: No output
--------------------------------------------------------------------------------
[2025-12-31 16:13:35] 
  Files: N/A
  Input: {}
  Output: No output
--------------------------------------------------------------------------------
[2025-12-31 16:13:38] 
  Files: N/A
  Input: {}
  Output: No output
--------------------------------------------------------------------------------
[2025-12-31 16:13:42] 
  Files: N/A
  Input: {}
  Output: No output
--------------------------------------------------------------------------------
[2025-12-31 16:13:45] 
  Files: N/A
  Input: {}
  Output: No output
--------------------------------------------------------------------------------
[2025-12-31 16:13:49] 
  Files: N/A
  Input: {}
  Output: No output
--------------------------------------------------------------------------------
[2025-12-31 16:13:53] 
  Files: N/A
  Input: {}
  Output: No output
--------------------------------------------------------------------------------
[2025-12-31 16:13:59] 
  Files: N/A
  Input: {}
  Output: No output
--------------------------------------------------------------------------------
[2025-12-31 16:14:09] 
  Files: N/A
  Input: {}
  Output: No output
--------------------------------------------------------------------------------
[2025-12-31 16:14:14] 
  Files: N/A
  Input: {}
  Output: No output
--------------------------------------------------------------------------------
[2025-12-31 16:14:18] 
  Files: N/A
  Input: {}
  Output: No output
--------------------------------------------------------------------------------
[2025-12-31 16:14:32] 
  Files: N/A
  Input: {}
  Output: No output
--------------------------------------------------------------------------------
[2025-12-31 16:14:51] 
  Files: N/A
  Input: {}
  Output: No output
--------------------------------------------------------------------------------
[2025-12-31 16:14:52] 
  Files: N/A
  Input: {}
  Output: No output
--------------------------------------------------------------------------------
[2025-12-31 16:15:06] 
  Files: N/A
  Input: {}
  Output: No output
--------------------------------------------------------------------------------
[2025-12-31 16:15:07] 
  Files: N/A
  Input: {}
  Output: No output
--------------------------------------------------------------------------------
[2025-12-31 16:15:14] 
  Files: N/A
  Input: {}
  Output: No output
--------------------------------------------------------------------------------
[2025-12-31 16:15:20] 
  Files: N/A
  Input: {}
  Output: No output
--------------------------------------------------------------------------------
[2025-12-31 16:15:27] 
  Files: N/A
  Input: {}
  Output: No output
--------------------------------------------------------------------------------
[2025-12-31 16:15:33] 
  Files: N/A
  Input: {}
  Output: No output
--------------------------------------------------------------------------------
[2025-12-31 16:15:36] 
  Files: N/A
  Input: {}
  Output: No output
--------------------------------------------------------------------------------
[2025-12-31 16:15:39] 
  Files: N/A
  Input: {}
  Output: No output
--------------------------------------------------------------------------------
[2025-12-31 16:15:47] 
  Files: N/A
  Input: {}
  Output: No output
--------------------------------------------------------------------------------
[2025-12-31 16:15:54] 
  Files: N/A
  Input: {}
  Output: No output
--------------------------------------------------------------------------------
[2025-12-31 16:16:07] 
  Files: N/A
  Input: {}
  Output: No output
--------------------------------------------------------------------------------
[2025-12-31 16:16:10] 
  Files: N/A
  Input: {}
  Output: No output
--------------------------------------------------------------------------------
[2025-12-31 16:16:11] 
  Files: N/A
  Input: {}
  Output: No output
--------------------------------------------------------------------------------
[2025-12-31 16:16:14] 
  Files: N/A
  Input: {}
  Output: No output
--------------------------------------------------------------------------------
[2025-12-31 16:16:16] 
  Files: N/A
  Input: {}
  Output: No output
--------------------------------------------------------------------------------
[2025-12-31 16:16:20] 
  Files: N/A
  Input: {}
  Output: No output
--------------------------------------------------------------------------------
[2025-12-31 16:16:27] 
  Files: N/A
  Input: {}
  Output: No output
--------------------------------------------------------------------------------
[2025-12-31 16:16:42] 
  Files: N/A
  Input: {}
  Output: No output
--------------------------------------------------------------------------------
[2025-12-31 16:16:42] 
  Files: N/A
  Input: {}
  Output: No output
--------------------------------------------------------------------------------
[2025-12-31 16:16:45] 
  Files: N/A
  Input: {}
  Output: No output
--------------------------------------------------------------------------------
[2025-12-31 16:16:49] 
  Files: N/A
  Input: {}
  Output: No output
--------------------------------------------------------------------------------
[2025-12-31 16:16:56] 
  Files: N/A
  Input: {}
  Output: No output
--------------------------------------------------------------------------------
[2025-12-31 16:17:07] 
  Files: N/A
  Input: {}
  Output: No output
--------------------------------------------------------------------------------
[2025-12-31 16:17:14] 
  Files: N/A
  Input: {}
  Output: No output
--------------------------------------------------------------------------------
[2025-12-31 16:17:33] 
  Files: N/A
  Input: {}
  Output: No output
--------------------------------------------------------------------------------
[2025-12-31 16:17:42] 
  Files: N/A
  Input: {}
  Output: No output
--------------------------------------------------------------------------------
[2025-12-31 16:17:45] 
  Files: N/A
  Input: {}
  Output: No output
--------------------------------------------------------------------------------
[2025-12-31 16:17:45] 
  Files: N/A
  Input: {}
  Output: No output
--------------------------------------------------------------------------------
[2025-12-31 16:17:58] 
  Files: N/A
  Input: {}
  Output: No output
--------------------------------------------------------------------------------
[2025-12-31 16:18:07] 
  Files: N/A
  Input: {}
  Output: No output
--------------------------------------------------------------------------------
[2025-12-31 16:18:14] 
  Files: N/A
  Input: {}
  Output: No output
--------------------------------------------------------------------------------
[2025-12-31 16:18:23] 
  Files: N/A
  Input: {}
  Output: No output
--------------------------------------------------------------------------------
[2025-12-31 16:18:35] 
  Files: N/A
  Input: {}
  Output: No output
--------------------------------------------------------------------------------
[2025-12-31 16:18:39] 
  Files: N/A
  Input: {}
  Output: No output
--------------------------------------------------------------------------------
[2025-12-31 16:18:45] 
  Files: N/A
  Input: {}
  Output: No output
--------------------------------------------------------------------------------
[2025-12-31 16:18:46] 
  Files: N/A
  Input: {}
  Output: No output
--------------------------------------------------------------------------------
[2025-12-31 16:18:58] 
  Files: N/A
  Input: {}
  Output: No output
--------------------------------------------------------------------------------
[2025-12-31 16:19:06] 
  Files: N/A
  Input: {}
  Output: No output
--------------------------------------------------------------------------------
[2025-12-31 16:19:10] 
  Files: N/A
  Input: {}
  Output: No output
--------------------------------------------------------------------------------
[2025-12-31 16:19:10] 
  Files: N/A
  Input: {}
  Output: No output
--------------------------------------------------------------------------------
[2025-12-31 16:19:18] 
  Files: N/A
  Input: {}
  Output: No output
--------------------------------------------------------------------------------
[2025-12-31 16:19:23] 
  Files: N/A
  Input: {}
  Output: No output
--------------------------------------------------------------------------------
[2025-12-31 16:19:32] 
  Files: N/A
  Input: {}
  Output: No output
--------------------------------------------------------------------------------
[2025-12-31 16:19:32] 
  Files: N/A
  Input: {}
  Output: No output
--------------------------------------------------------------------------------
[2025-12-31 16:19:44] 
  Files: N/A
  Input: {}
  Output: No output
--------------------------------------------------------------------------------
[2025-12-31 16:19:49] 
  Files: N/A
  Input: {}
  Output: No output
--------------------------------------------------------------------------------
[2025-12-31 16:19:52] 
  Files: N/A
  Input: {}
  Output: No output
--------------------------------------------------------------------------------
[2025-12-31 16:19:56] 
  Files: N/A
  Input: {}
  Output: No output
--------------------------------------------------------------------------------
[2025-12-31 16:19:59] 
  Files: N/A
  Input: {}
  Output: No output
--------------------------------------------------------------------------------
[2025-12-31 16:20:05] 
  Files: N/A
  Input: {}
  Output: No output
--------------------------------------------------------------------------------
[2025-12-31 16:20:11] 
  Files: N/A
  Input: {}
  Output: No output
--------------------------------------------------------------------------------
[2025-12-31 16:20:18] 
  Files: N/A
  Input: {}
  Output: No output
--------------------------------------------------------------------------------
[2025-12-31 16:20:35] 
  Files: N/A
  Input: {}
  Output: No output
--------------------------------------------------------------------------------
[2025-12-31 16:20:47] 
  Files: N/A
  Input: {}
  Output: No output
--------------------------------------------------------------------------------
[2025-12-31 16:20:53] 
  Files: N/A
  Input: {}
  Output: No output
--------------------------------------------------------------------------------
[2025-12-31 16:21:25] 
  Files: N/A
  Input: {}
  Output: No output
--------------------------------------------------------------------------------
[2025-12-31 16:21:42] 
  Files: N/A
  Input: {}
  Output: No output
--------------------------------------------------------------------------------
[2025-12-31 16:21:55] 
  Files: N/A
  Input: {}
  Output: No output
--------------------------------------------------------------------------------
[2025-12-31 16:22:02] 
  Files: N/A
  Input: {}
  Output: No output
--------------------------------------------------------------------------------
[2025-12-31 16:22:08] 
  Files: N/A
  Input: {}
  Output: No output
--------------------------------------------------------------------------------
[2025-12-31 16:22:41] 
  Files: N/A
  Input: {}
  Output: No output
--------------------------------------------------------------------------------
[2025-12-31 16:22:51] 
  Files: N/A
  Input: {}
  Output: No output
--------------------------------------------------------------------------------
[2025-12-31 16:23:11] 
  Files: N/A
  Input: {}
  Output: No output
--------------------------------------------------------------------------------
[2025-12-31 16:23:17] 
  Files: N/A
  Input: {}
  Output: No output
--------------------------------------------------------------------------------
[2025-12-31 16:23:25] 
  Files: N/A
  Input: {}
  Output: No output
--------------------------------------------------------------------------------
[2025-12-31 16:23:58] 
  Files: N/A
  Input: {}
  Output: No output
--------------------------------------------------------------------------------
[2025-12-31 16:24:10] 
  Files: N/A
  Input: {}
  Output: No output
--------------------------------------------------------------------------------
[2025-12-31 16:24:21] 
  Files: N/A
  Input: {}
  Output: No output
--------------------------------------------------------------------------------
[2025-12-31 16:24:28] 
  Files: N/A
  Input: {}
  Output: No output
--------------------------------------------------------------------------------
[2025-12-31 16:24:35] 
  Files: N/A
  Input: {}
  Output: No output
--------------------------------------------------------------------------------
[2025-12-31 16:24:44] 
  Files: N/A
  Input: {}
  Output: No output
--------------------------------------------------------------------------------
[2025-12-31 16:25:01] 
  Files: N/A
  Input: {}
  Output: No output
--------------------------------------------------------------------------------
[2025-12-31 16:25:09] 
  Files: N/A
  Input: {}
  Output: No output
--------------------------------------------------------------------------------
[2025-12-31 16:25:21] 
  Files: N/A
  Input: {}
  Output: No output
--------------------------------------------------------------------------------
[2025-12-31 16:25:40] 
  Files: N/A
  Input: {}
  Output: No output
--------------------------------------------------------------------------------
[2025-12-31 16:27:24] 
  Files: N/A
  Input: {}
  Output: No output
--------------------------------------------------------------------------------
[2025-12-31 16:31:40] 
  Files: N/A
  Input: {}
  Output: No output
--------------------------------------------------------------------------------
[2025-12-31 16:32:32] 
  Files: N/A
  Input: {}
  Output: No output
--------------------------------------------------------------------------------
[2025-12-31 16:35:14] 
  Files: N/A
  Input: {}
  Output: No output
--------------------------------------------------------------------------------
[2025-12-31 16:36:07] 
  Files: N/A
  Input: {}
  Output: No output
--------------------------------------------------------------------------------
[2025-12-31 16:36:27] 
  Files: N/A
  Input: {}
  Output: No output
--------------------------------------------------------------------------------
[2025-12-31 16:38:02] 
  Files: N/A
  Input: {}
  Output: No output
--------------------------------------------------------------------------------
[2025-12-31 16:38:03] 
  Files: N/A
  Input: {}
  Output: No output
--------------------------------------------------------------------------------
[2025-12-31 16:38:06] 
  Files: N/A
  Input: {}
  Output: No output
--------------------------------------------------------------------------------
[2025-12-31 16:38:06] 
  Files: N/A
  Input: {}
  Output: No output
--------------------------------------------------------------------------------
[2025-12-31 16:38:26] 
  Files: N/A
  Input: {}
  Output: No output
--------------------------------------------------------------------------------
[2025-12-31 16:38:28] 
  Files: N/A
  Input: {}
  Output: No output
--------------------------------------------------------------------------------
[2025-12-31 16:38:31] 
  Files: N/A
  Input: {}
  Output: No output
--------------------------------------------------------------------------------
[2025-12-31 16:38:31] 
  Files: N/A
  Input: {}
  Output: No output
--------------------------------------------------------------------------------
[2025-12-31 16:38:31] 
  Files: N/A
  Input: {}
  Output: No output
--------------------------------------------------------------------------------
[2025-12-31 16:38:53] 
  Files: N/A
  Input: {}
  Output: No output
--------------------------------------------------------------------------------
[2025-12-31 16:38:54] 
  Files: N/A
  Input: {}
  Output: No output
--------------------------------------------------------------------------------
[2025-12-31 16:38:54] 
  Files: N/A
  Input: {}
  Output: No output
--------------------------------------------------------------------------------
[2025-12-31 16:38:58] 
  Files: N/A
  Input: {}
  Output: No output
--------------------------------------------------------------------------------
[2025-12-31 16:38:58] 
  Files: N/A
  Input: {}
  Output: No output
--------------------------------------------------------------------------------
[2025-12-31 16:38:58] 
  Files: N/A
  Input: {}
  Output: No output
--------------------------------------------------------------------------------
[2025-12-31 16:39:06] 
  Files: N/A
  Input: {}
  Output: No output
--------------------------------------------------------------------------------
[2025-12-31 16:39:09] 
  Files: N/A
  Input: {}
  Output: No output
--------------------------------------------------------------------------------
[2025-12-31 16:39:09] 
  Files: N/A
  Input: {}
  Output: No output
--------------------------------------------------------------------------------
[2025-12-31 16:39:18] 
  Files: N/A
  Input: {}
  Output: No output
--------------------------------------------------------------------------------
[2025-12-31 16:39:18] 
  Files: N/A
  Input: {}
  Output: No output
--------------------------------------------------------------------------------
[2025-12-31 16:40:02] 
  Files: N/A
  Input: {}
  Output: No output
--------------------------------------------------------------------------------
[2025-12-31 16:40:11] 
  Files: N/A
  Input: {}
  Output: No output
--------------------------------------------------------------------------------
[2025-12-31 16:40:11] 
  Files: N/A
  Input: {}
  Output: No output
--------------------------------------------------------------------------------
[2025-12-31 16:40:54] 
  Files: N/A
  Input: {}
  Output: No output
--------------------------------------------------------------------------------
[2025-12-31 16:40:55] 
  Files: N/A
  Input: {}
  Output: No output
--------------------------------------------------------------------------------
[2025-12-31 16:40:56] 
  Files: N/A
  Input: {}
  Output: No output
--------------------------------------------------------------------------------
[2025-12-31 16:40:57] 
  Files: N/A
  Input: {}
  Output: No output
--------------------------------------------------------------------------------
[2025-12-31 16:41:07] 
  Files: N/A
  Input: {}
  Output: No output
--------------------------------------------------------------------------------
[2025-12-31 16:41:07] 
  Files: N/A
  Input: {}
  Output: No output
--------------------------------------------------------------------------------
[2025-12-31 16:41:08] 
  Files: N/A
  Input: {}
  Output: No output
--------------------------------------------------------------------------------
[2025-12-31 16:41:15] 
  Files: N/A
  Input: {}
  Output: No output
--------------------------------------------------------------------------------
[2025-12-31 16:41:18] 
  Files: N/A
  Input: {}
  Output: No output
--------------------------------------------------------------------------------
[2025-12-31 16:41:18] 
  Files: N/A
  Input: {}
  Output: No output
--------------------------------------------------------------------------------
[2025-12-31 16:41:19] 
  Files: N/A
  Input: {}
  Output: No output
--------------------------------------------------------------------------------
[2025-12-31 16:41:19] 
  Files: N/A
  Input: {}
  Output: No output
--------------------------------------------------------------------------------
[2025-12-31 16:41:23] 
  Files: N/A
  Input: {}
  Output: No output
--------------------------------------------------------------------------------
[2025-12-31 16:41:33] 
  Files: N/A
  Input: {}
  Output: No output
--------------------------------------------------------------------------------
[2025-12-31 16:41:33] 
  Files: N/A
  Input: {}
  Output: No output
--------------------------------------------------------------------------------
[2025-12-31 16:41:33] 
  Files: N/A
  Input: {}
  Output: No output
--------------------------------------------------------------------------------
[2025-12-31 16:41:33] 
  Files: N/A
  Input: {}
  Output: No output
--------------------------------------------------------------------------------
[2025-12-31 16:41:44] 
  Files: N/A
  Input: {}
  Output: No output
--------------------------------------------------------------------------------
[2025-12-31 16:41:44] 
  Files: N/A
  Input: {}
  Output: No output
--------------------------------------------------------------------------------
[2025-12-31 16:41:44] 
  Files: N/A
  Input: {}
  Output: No output
--------------------------------------------------------------------------------
[2025-12-31 16:41:46] 
  Files: N/A
  Input: {}
  Output: No output
--------------------------------------------------------------------------------
[2025-12-31 16:41:54] 
  Files: N/A
  Input: {}
  Output: No output
--------------------------------------------------------------------------------
[2025-12-31 16:41:54] 
  Files: N/A
  Input: {}
  Output: No output
--------------------------------------------------------------------------------
[2025-12-31 16:41:55] 
  Files: N/A
  Input: {}
  Output: No output
--------------------------------------------------------------------------------
[2025-12-31 16:41:56] 
  Files: N/A
  Input: {}
  Output: No output
--------------------------------------------------------------------------------
[2025-12-31 16:42:04] 
  Files: N/A
  Input: {}
  Output: No output
--------------------------------------------------------------------------------
[2025-12-31 16:42:12] 
  Files: N/A
  Input: {}
  Output: No output
--------------------------------------------------------------------------------
[2025-12-31 16:42:17] 
  Files: N/A
  Input: {}
  Output: No output
--------------------------------------------------------------------------------
[2025-12-31 16:42:23] 
  Files: N/A
  Input: {}
  Output: No output
--------------------------------------------------------------------------------
[2025-12-31 16:42:42] 
  Files: N/A
  Input: {}
  Output: No output
--------------------------------------------------------------------------------
[2025-12-31 16:42:44] 
  Files: N/A
  Input: {}
  Output: No output
--------------------------------------------------------------------------------
[2025-12-31 16:42:49] 
  Files: N/A
  Input: {}
  Output: No output
--------------------------------------------------------------------------------
[2025-12-31 16:42:57] 
  Files: N/A
  Input: {}
  Output: No output
--------------------------------------------------------------------------------
[2025-12-31 16:43:02] 
  Files: N/A
  Input: {}
  Output: No output
--------------------------------------------------------------------------------
[2025-12-31 16:43:11] 
  Files: N/A
  Input: {}
  Output: No output
--------------------------------------------------------------------------------
[2025-12-31 16:43:18] 
  Files: N/A
  Input: {}
  Output: No output
--------------------------------------------------------------------------------
[2025-12-31 16:43:18] 
  Files: N/A
  Input: {}
  Output: No output
--------------------------------------------------------------------------------
[2025-12-31 16:43:24] 
  Files: N/A
  Input: {}
  Output: No output
--------------------------------------------------------------------------------
[2025-12-31 16:43:27] 
  Files: N/A
  Input: {}
  Output: No output
--------------------------------------------------------------------------------
[2025-12-31 16:43:49] 
  Files: N/A
  Input: {}
  Output: No output
--------------------------------------------------------------------------------
[2025-12-31 16:44:10] 
  Files: N/A
  Input: {}
  Output: No output
--------------------------------------------------------------------------------
[2025-12-31 16:44:12] 
  Files: N/A
  Input: {}
  Output: No output
--------------------------------------------------------------------------------
[2025-12-31 16:44:21] 
  Files: N/A
  Input: {}
  Output: No output
--------------------------------------------------------------------------------
[2025-12-31 16:44:27] 
  Files: N/A
  Input: {}
  Output: No output
--------------------------------------------------------------------------------
[2025-12-31 16:44:28] 
  Files: N/A
  Input: {}
  Output: No output
--------------------------------------------------------------------------------
[2025-12-31 16:44:46] 
  Files: N/A
  Input: {}
  Output: No output
--------------------------------------------------------------------------------
[2025-12-31 16:44:51] 
  Files: N/A
  Input: {}
  Output: No output
--------------------------------------------------------------------------------
[2025-12-31 16:44:53] 
  Files: N/A
  Input: {}
  Output: No output
--------------------------------------------------------------------------------
[2025-12-31 16:45:02] 
  Files: N/A
  Input: {}
  Output: No output
--------------------------------------------------------------------------------
[2025-12-31 16:45:03] 
  Files: N/A
  Input: {}
  Output: No output
--------------------------------------------------------------------------------
[2025-12-31 16:45:10] 
  Files: N/A
  Input: {}
  Output: No output
--------------------------------------------------------------------------------
[2025-12-31 16:45:17] 
  Files: N/A
  Input: {}
  Output: No output
--------------------------------------------------------------------------------
[2025-12-31 16:45:26] 
  Files: N/A
  Input: {}
  Output: No output
--------------------------------------------------------------------------------
[2025-12-31 16:45:27] 
  Files: N/A
  Input: {}
  Output: No output
--------------------------------------------------------------------------------
[2025-12-31 16:45:38] 
  Files: N/A
  Input: {}
  Output: No output
--------------------------------------------------------------------------------
[2025-12-31 16:45:39] 
  Files: N/A
  Input: {}
  Output: No output
--------------------------------------------------------------------------------
[2025-12-31 16:45:49] 
  Files: N/A
  Input: {}
  Output: No output
--------------------------------------------------------------------------------
[2025-12-31 16:45:56] 
  Files: N/A
  Input: {}
  Output: No output
--------------------------------------------------------------------------------
[2025-12-31 16:45:59] 
  Files: N/A
  Input: {}
  Output: No output
--------------------------------------------------------------------------------
[2025-12-31 16:46:08] 
  Files: N/A
  Input: {}
  Output: No output
--------------------------------------------------------------------------------
[2025-12-31 16:46:10] 
  Files: N/A
  Input: {}
  Output: No output
--------------------------------------------------------------------------------
[2025-12-31 16:46:16] 
  Files: N/A
  Input: {}
  Output: No output
--------------------------------------------------------------------------------
[2025-12-31 16:46:22] 
  Files: N/A
  Input: {}
  Output: No output
--------------------------------------------------------------------------------
[2025-12-31 16:46:25] 
  Files: N/A
  Input: {}
  Output: No output
--------------------------------------------------------------------------------
[2025-12-31 16:46:31] 
  Files: N/A
  Input: {}
  Output: No output
--------------------------------------------------------------------------------
[2025-12-31 16:46:32] 
  Files: N/A
  Input: {}
  Output: No output
--------------------------------------------------------------------------------
[2025-12-31 16:46:39] 
  Files: N/A
  Input: {}
  Output: No output
--------------------------------------------------------------------------------
[2025-12-31 16:46:46] 
  Files: N/A
  Input: {}
  Output: No output
--------------------------------------------------------------------------------
[2025-12-31 16:47:00] 
  Files: N/A
  Input: {}
  Output: No output
--------------------------------------------------------------------------------
[2025-12-31 16:47:09] 
  Files: N/A
  Input: {}
  Output: No output
--------------------------------------------------------------------------------
[2025-12-31 16:47:29] 
  Files: N/A
  Input: {}
  Output: No output
--------------------------------------------------------------------------------
[2025-12-31 16:47:36] 
  Files: N/A
  Input: {}
  Output: No output
--------------------------------------------------------------------------------
[2025-12-31 16:47:45] 
  Files: N/A
  Input: {}
  Output: No output
--------------------------------------------------------------------------------
[2025-12-31 16:48:10] 
  Files: N/A
  Input: {}
  Output: No output
--------------------------------------------------------------------------------
[2025-12-31 16:48:29] 
  Files: N/A
  Input: {}
  Output: No output
--------------------------------------------------------------------------------
[2025-12-31 16:48:36] 
  Files: N/A
  Input: {}
  Output: No output
--------------------------------------------------------------------------------
[2025-12-31 16:48:41] 
  Files: N/A
  Input: {}
  Output: No output
--------------------------------------------------------------------------------
[2025-12-31 16:48:47] 
  Files: N/A
  Input: {}
  Output: No output
--------------------------------------------------------------------------------
[2025-12-31 16:48:54] 
  Files: N/A
  Input: {}
  Output: No output
--------------------------------------------------------------------------------
[2025-12-31 16:49:01] 
  Files: N/A
  Input: {}
  Output: No output
--------------------------------------------------------------------------------
[2025-12-31 16:49:25] 
  Files: N/A
  Input: {}
  Output: No output
--------------------------------------------------------------------------------
[2025-12-31 16:49:34] 
  Files: N/A
  Input: {}
  Output: No output
--------------------------------------------------------------------------------
[2025-12-31 16:49:42] 
  Files: N/A
  Input: {}
  Output: No output
--------------------------------------------------------------------------------
[2025-12-31 16:49:48] 
  Files: N/A
  Input: {}
  Output: No output
--------------------------------------------------------------------------------
[2025-12-31 16:50:13] 
  Files: N/A
  Input: {}
  Output: No output
--------------------------------------------------------------------------------
[2025-12-31 16:50:19] 
  Files: N/A
  Input: {}
  Output: No output
--------------------------------------------------------------------------------
[2025-12-31 16:50:24] 
  Files: N/A
  Input: {}
  Output: No output
--------------------------------------------------------------------------------
[2025-12-31 16:50:37] 
  Files: N/A
  Input: {}
  Output: No output
--------------------------------------------------------------------------------
[2025-12-31 16:51:11] 
  Files: N/A
  Input: {}
  Output: No output
--------------------------------------------------------------------------------
[2025-12-31 16:51:31] 
  Files: N/A
  Input: {}
  Output: No output
--------------------------------------------------------------------------------
[2025-12-31 16:51:51] 
  Files: N/A
  Input: {}
  Output: No output
--------------------------------------------------------------------------------
[2025-12-31 16:52:02] 
  Files: N/A
  Input: {}
  Output: No output
--------------------------------------------------------------------------------
[2025-12-31 16:52:21] 
  Files: N/A
  Input: {}
  Output: No output
--------------------------------------------------------------------------------
[2025-12-31 16:52:32] 
  Files: N/A
  Input: {}
  Output: No output
--------------------------------------------------------------------------------
[2025-12-31 16:52:40] 
  Files: N/A
  Input: {}
  Output: No output
--------------------------------------------------------------------------------
[2025-12-31 16:52:48] 
  Files: N/A
  Input: {}
  Output: No output
--------------------------------------------------------------------------------
[2025-12-31 16:53:01] 
  Files: N/A
  Input: {}
  Output: No output
--------------------------------------------------------------------------------
[2025-12-31 16:53:08] 
  Files: N/A
  Input: {}
  Output: No output
--------------------------------------------------------------------------------
[2025-12-31 16:53:30] 
  Files: N/A
  Input: {}
  Output: No output
--------------------------------------------------------------------------------
[2025-12-31 16:53:51] 
  Files: N/A
  Input: {}
  Output: No output
--------------------------------------------------------------------------------
[2025-12-31 16:54:09] 
  Files: N/A
  Input: {}
  Output: No output
--------------------------------------------------------------------------------
[2025-12-31 16:54:17] 
  Files: N/A
  Input: {}
  Output: No output
--------------------------------------------------------------------------------
[2025-12-31 16:54:37] 
  Files: N/A
  Input: {}
  Output: No output
--------------------------------------------------------------------------------
[2025-12-31 16:55:03] 
  Files: N/A
  Input: {}
  Output: No output
--------------------------------------------------------------------------------
[2025-12-31 16:55:29] 
  Files: N/A
  Input: {}
  Output: No output
--------------------------------------------------------------------------------
[2025-12-31 16:56:04] 
  Files: N/A
  Input: {}
  Output: No output
--------------------------------------------------------------------------------
[2025-12-31 16:56:15] 
  Files: N/A
  Input: {}
  Output: No output
--------------------------------------------------------------------------------
[2025-12-31 16:56:25] 
  Files: N/A
  Input: {}
  Output: No output
--------------------------------------------------------------------------------
[2025-12-31 16:56:52] 
  Files: N/A
  Input: {}
  Output: No output
--------------------------------------------------------------------------------
[2025-12-31 16:56:52] 
  Files: N/A
  Input: {}
  Output: No output
--------------------------------------------------------------------------------
[2025-12-31 16:56:54] 
  Files: N/A
  Input: {}
  Output: No output
--------------------------------------------------------------------------------
[2025-12-31 16:56:59] 
  Files: N/A
  Input: {}
  Output: No output
--------------------------------------------------------------------------------
[2025-12-31 16:57:07] 
  Files: N/A
  Input: {}
  Output: No output
--------------------------------------------------------------------------------
[2025-12-31 16:57:07] 
  Files: N/A
  Input: {}
  Output: No output
--------------------------------------------------------------------------------
[2025-12-31 16:57:07] 
  Files: N/A
  Input: {}
  Output: No output
--------------------------------------------------------------------------------
[2025-12-31 16:57:22] 
  Files: N/A
  Input: {}
  Output: No output
--------------------------------------------------------------------------------
[2025-12-31 16:57:22] 
  Files: N/A
  Input: {}
  Output: No output
--------------------------------------------------------------------------------
[2025-12-31 16:57:22] 
  Files: N/A
  Input: {}
  Output: No output
--------------------------------------------------------------------------------
[2025-12-31 16:57:22] 
  Files: N/A
  Input: {}
  Output: No output
--------------------------------------------------------------------------------
[2025-12-31 16:57:23] 
  Files: N/A
  Input: {}
  Output: No output
--------------------------------------------------------------------------------
[2025-12-31 16:57:30] 
  Files: N/A
  Input: {}
  Output: No output
--------------------------------------------------------------------------------
[2025-12-31 16:57:32] 
  Files: N/A
  Input: {}
  Output: No output
--------------------------------------------------------------------------------
[2025-12-31 16:57:37] 
  Files: N/A
  Input: {}
  Output: No output
--------------------------------------------------------------------------------
[2025-12-31 16:57:37] 
  Files: N/A
  Input: {}
  Output: No output
--------------------------------------------------------------------------------
[2025-12-31 16:57:43] 
  Files: N/A
  Input: {}
  Output: No output
--------------------------------------------------------------------------------
[2025-12-31 16:57:43] 
  Files: N/A
  Input: {}
  Output: No output
--------------------------------------------------------------------------------
[2025-12-31 16:57:46] 
  Files: N/A
  Input: {}
  Output: No output
--------------------------------------------------------------------------------
[2025-12-31 16:57:53] 
  Files: N/A
  Input: {}
  Output: No output
--------------------------------------------------------------------------------
[2025-12-31 16:57:57] 
  Files: N/A
  Input: {}
  Output: No output
--------------------------------------------------------------------------------
[2025-12-31 16:58:03] 
  Files: N/A
  Input: {}
  Output: No output
--------------------------------------------------------------------------------
[2025-12-31 16:58:06] 
  Files: N/A
  Input: {}
  Output: No output
--------------------------------------------------------------------------------
[2025-12-31 16:58:13] 
  Files: N/A
  Input: {}
  Output: No output
--------------------------------------------------------------------------------
[2025-12-31 16:58:18] 
  Files: N/A
  Input: {}
  Output: No output
--------------------------------------------------------------------------------
[2025-12-31 16:58:20] 
  Files: N/A
  Input: {}
  Output: No output
--------------------------------------------------------------------------------
[2025-12-31 16:58:25] 
  Files: N/A
  Input: {}
  Output: No output
--------------------------------------------------------------------------------
[2025-12-31 16:58:30] 
  Files: N/A
  Input: {}
  Output: No output
--------------------------------------------------------------------------------
[2025-12-31 16:58:33] 
  Files: N/A
  Input: {}
  Output: No output
--------------------------------------------------------------------------------
[2025-12-31 16:59:19] 
  Files: N/A
  Input: {}
  Output: No output
--------------------------------------------------------------------------------
[2025-12-31 16:59:27] 
  Files: N/A
  Input: {}
  Output: No output
--------------------------------------------------------------------------------
[2025-12-31 16:59:32] 
  Files: N/A
  Input: {}
  Output: No output
--------------------------------------------------------------------------------
[2025-12-31 16:59:33] 
  Files: N/A
  Input: {}
  Output: No output
--------------------------------------------------------------------------------
[2025-12-31 16:59:40] 
  Files: N/A
  Input: {}
  Output: No output
--------------------------------------------------------------------------------
[2025-12-31 16:59:52] 
  Files: N/A
  Input: {}
  Output: No output
--------------------------------------------------------------------------------
[2025-12-31 16:59:54] 
  Files: N/A
  Input: {}
  Output: No output
--------------------------------------------------------------------------------
[2025-12-31 17:00:29] 
  Files: N/A
  Input: {}
  Output: No output
--------------------------------------------------------------------------------
[2025-12-31 17:00:33] 
  Files: N/A
  Input: {}
  Output: No output
--------------------------------------------------------------------------------
[2025-12-31 17:00:49] 
  Files: N/A
  Input: {}
  Output: No output
--------------------------------------------------------------------------------
[2025-12-31 17:00:51] 
  Files: N/A
  Input: {}
  Output: No output
--------------------------------------------------------------------------------
[2025-12-31 17:00:59] 
  Files: N/A
  Input: {}
  Output: No output
--------------------------------------------------------------------------------
[2025-12-31 17:01:13] 
  Files: N/A
  Input: {}
  Output: No output
--------------------------------------------------------------------------------
[2025-12-31 17:01:36] 
  Files: N/A
  Input: {}
  Output: No output
--------------------------------------------------------------------------------
[2025-12-31 17:01:44] 
  Files: N/A
  Input: {}
  Output: No output
--------------------------------------------------------------------------------
[2025-12-31 17:01:45] 
  Files: N/A
  Input: {}
  Output: No output
--------------------------------------------------------------------------------
[2025-12-31 17:01:51] 
  Files: N/A
  Input: {}
  Output: No output
--------------------------------------------------------------------------------
[2025-12-31 17:02:01] 
  Files: N/A
  Input: {}
  Output: No output
--------------------------------------------------------------------------------
[2025-12-31 17:02:12] 
  Files: N/A
  Input: {}
  Output: No output
--------------------------------------------------------------------------------
[2025-12-31 17:02:24] 
  Files: N/A
  Input: {}
  Output: No output
--------------------------------------------------------------------------------
[2025-12-31 17:02:38] 
  Files: N/A
  Input: {}
  Output: No output
--------------------------------------------------------------------------------
[2025-12-31 17:02:53] 
  Files: N/A
  Input: {}
  Output: No output
--------------------------------------------------------------------------------
[2025-12-31 17:02:53] 
  Files: N/A
  Input: {}
  Output: No output
--------------------------------------------------------------------------------
[2025-12-31 17:02:59] 
  Files: N/A
  Input: {}
  Output: No output
--------------------------------------------------------------------------------
[2025-12-31 17:03:08] 
  Files: N/A
  Input: {}
  Output: No output
--------------------------------------------------------------------------------
[2025-12-31 17:03:14] 
  Files: N/A
  Input: {}
  Output: No output
--------------------------------------------------------------------------------
[2025-12-31 17:03:22] 
  Files: N/A
  Input: {}
  Output: No output
--------------------------------------------------------------------------------
[2025-12-31 17:03:28] 
  Files: N/A
  Input: {}
  Output: No output
--------------------------------------------------------------------------------
[2025-12-31 17:03:29] 
  Files: N/A
  Input: {}
  Output: No output
--------------------------------------------------------------------------------
[2025-12-31 17:03:41] 
  Files: N/A
  Input: {}
  Output: No output
--------------------------------------------------------------------------------
[2025-12-31 17:03:41] 
  Files: N/A
  Input: {}
  Output: No output
--------------------------------------------------------------------------------
[2025-12-31 17:03:49] 
  Files: N/A
  Input: {}
  Output: No output
--------------------------------------------------------------------------------
[2025-12-31 17:03:52] 
  Files: N/A
  Input: {}
  Output: No output
--------------------------------------------------------------------------------
[2025-12-31 17:03:58] 
  Files: N/A
  Input: {}
  Output: No output
--------------------------------------------------------------------------------
[2025-12-31 17:04:12] 
  Files: N/A
  Input: {}
  Output: No output
--------------------------------------------------------------------------------
[2025-12-31 17:04:12] 
  Files: N/A
  Input: {}
  Output: No output
--------------------------------------------------------------------------------
[2025-12-31 17:04:22] 
  Files: N/A
  Input: {}
  Output: No output
--------------------------------------------------------------------------------
[2025-12-31 17:04:23] 
  Files: N/A
  Input: {}
  Output: No output
--------------------------------------------------------------------------------
[2025-12-31 17:04:37] 
  Files: N/A
  Input: {}
  Output: No output
--------------------------------------------------------------------------------
[2025-12-31 17:04:39] 
  Files: N/A
  Input: {}
  Output: No output
--------------------------------------------------------------------------------
[2025-12-31 17:04:48] 
  Files: N/A
  Input: {}
  Output: No output
--------------------------------------------------------------------------------
[2025-12-31 17:04:53] 
  Files: N/A
  Input: {}
  Output: No output
--------------------------------------------------------------------------------
[2025-12-31 17:04:59] 
  Files: N/A
  Input: {}
  Output: No output
--------------------------------------------------------------------------------
[2025-12-31 17:05:08] 
  Files: N/A
  Input: {}
  Output: No output
--------------------------------------------------------------------------------
[2025-12-31 17:05:10] 
  Files: N/A
  Input: {}
  Output: No output
--------------------------------------------------------------------------------
[2025-12-31 17:05:15] 
  Files: N/A
  Input: {}
  Output: No output
--------------------------------------------------------------------------------
[2025-12-31 17:05:17] 
  Files: N/A
  Input: {}
  Output: No output
--------------------------------------------------------------------------------
[2025-12-31 17:05:25] 
  Files: N/A
  Input: {}
  Output: No output
--------------------------------------------------------------------------------
[2025-12-31 17:05:32] 
  Files: N/A
  Input: {}
  Output: No output
--------------------------------------------------------------------------------
[2025-12-31 17:05:39] 
  Files: N/A
  Input: {}
  Output: No output
--------------------------------------------------------------------------------
[2025-12-31 17:05:40] 
  Files: N/A
  Input: {}
  Output: No output
--------------------------------------------------------------------------------
[2025-12-31 17:05:54] 
  Files: N/A
  Input: {}
  Output: No output
--------------------------------------------------------------------------------
[2025-12-31 17:06:03] 
  Files: N/A
  Input: {}
  Output: No output
--------------------------------------------------------------------------------
[2025-12-31 17:06:05] 
  Files: N/A
  Input: {}
  Output: No output
--------------------------------------------------------------------------------
[2025-12-31 17:06:13] 
  Files: N/A
  Input: {}
  Output: No output
--------------------------------------------------------------------------------
[2025-12-31 17:06:25] 
  Files: N/A
  Input: {}
  Output: No output
--------------------------------------------------------------------------------
[2025-12-31 17:06:31] 
  Files: N/A
  Input: {}
  Output: No output
--------------------------------------------------------------------------------
[2025-12-31 17:06:37] 
  Files: N/A
  Input: {}
  Output: No output
--------------------------------------------------------------------------------
[2025-12-31 17:06:47] 
  Files: N/A
  Input: {}
  Output: No output
--------------------------------------------------------------------------------
[2025-12-31 17:06:54] 
  Files: N/A
  Input: {}
  Output: No output
--------------------------------------------------------------------------------
[2025-12-31 17:07:03] 
  Files: N/A
  Input: {}
  Output: No output
--------------------------------------------------------------------------------
[2025-12-31 17:07:18] 
  Files: N/A
  Input: {}
  Output: No output
--------------------------------------------------------------------------------
[2025-12-31 17:07:35] 
  Files: N/A
  Input: {}
  Output: No output
--------------------------------------------------------------------------------
[2025-12-31 17:08:01] 
  Files: N/A
  Input: {}
  Output: No output
--------------------------------------------------------------------------------
[2025-12-31 17:08:08] 
  Files: N/A
  Input: {}
  Output: No output
--------------------------------------------------------------------------------
[2025-12-31 17:08:15] 
  Files: N/A
  Input: {}
  Output: No output
--------------------------------------------------------------------------------
[2025-12-31 17:08:40] 
  Files: N/A
  Input: {}
  Output: No output
--------------------------------------------------------------------------------
[2025-12-31 17:08:48] 
  Files: N/A
  Input: {}
  Output: No output
--------------------------------------------------------------------------------
[2025-12-31 17:08:55] 
  Files: N/A
  Input: {}
  Output: No output
--------------------------------------------------------------------------------
[2025-12-31 17:09:02] 
  Files: N/A
  Input: {}
  Output: No output
--------------------------------------------------------------------------------
[2025-12-31 17:09:10] 
  Files: N/A
  Input: {}
  Output: No output
--------------------------------------------------------------------------------
[2025-12-31 17:09:18] 
  Files: N/A
  Input: {}
  Output: No output
--------------------------------------------------------------------------------
[2025-12-31 17:09:26] 
  Files: N/A
  Input: {}
  Output: No output
--------------------------------------------------------------------------------
[2025-12-31 17:09:35] 
  Files: N/A
  Input: {}
  Output: No output
--------------------------------------------------------------------------------
[2025-12-31 17:09:47] 
  Files: N/A
  Input: {}
  Output: No output
--------------------------------------------------------------------------------
[2025-12-31 17:10:04] 
  Files: N/A
  Input: {}
  Output: No output
--------------------------------------------------------------------------------
[2025-12-31 17:10:19] 
  Files: N/A
  Input: {}
  Output: No output
--------------------------------------------------------------------------------
[2025-12-31 17:10:40] 
  Files: N/A
  Input: {}
  Output: No output
--------------------------------------------------------------------------------
[2025-12-31 17:10:48] 
  Files: N/A
  Input: {}
  Output: No output
--------------------------------------------------------------------------------
[2025-12-31 17:10:56] 
  Files: N/A
  Input: {}
  Output: No output
--------------------------------------------------------------------------------
[2025-12-31 17:11:04] 
  Files: N/A
  Input: {}
  Output: No output
--------------------------------------------------------------------------------
[2025-12-31 17:11:11] 
  Files: N/A
  Input: {}
  Output: No output
--------------------------------------------------------------------------------
[2025-12-31 17:11:19] 
  Files: N/A
  Input: {}
  Output: No output
--------------------------------------------------------------------------------
[2025-12-31 17:11:28] 
  Files: N/A
  Input: {}
  Output: No output
--------------------------------------------------------------------------------
[2025-12-31 17:11:37] 
  Files: N/A
  Input: {}
  Output: No output
--------------------------------------------------------------------------------
[2025-12-31 17:11:47] 
  Files: N/A
  Input: {}
  Output: No output
--------------------------------------------------------------------------------
[2025-12-31 17:11:55] 
  Files: N/A
  Input: {}
  Output: No output
--------------------------------------------------------------------------------
[2025-12-31 17:12:12] 
  Files: N/A
  Input: {}
  Output: No output
--------------------------------------------------------------------------------
[2025-12-31 17:12:27] 
  Files: N/A
  Input: {}
  Output: No output
--------------------------------------------------------------------------------
[2025-12-31 17:12:43] 
  Files: N/A
  Input: {}
  Output: No output
--------------------------------------------------------------------------------
[2025-12-31 17:12:51] 
  Files: N/A
  Input: {}
  Output: No output
--------------------------------------------------------------------------------
[2025-12-31 17:12:58] 
  Files: N/A
  Input: {}
  Output: No output
--------------------------------------------------------------------------------
[2025-12-31 17:13:13] 
  Files: N/A
  Input: {}
  Output: No output
--------------------------------------------------------------------------------
[2025-12-31 17:13:21] 
  Files: N/A
  Input: {}
  Output: No output
--------------------------------------------------------------------------------
[2025-12-31 17:13:35] 
  Files: N/A
  Input: {}
  Output: No output
--------------------------------------------------------------------------------
[2025-12-31 17:13:49] 
  Files: N/A
  Input: {}
  Output: No output
--------------------------------------------------------------------------------
[2025-12-31 17:14:03] 
  Files: N/A
  Input: {}
  Output: No output
--------------------------------------------------------------------------------
[2025-12-31 17:14:10] 
  Files: N/A
  Input: {}
  Output: No output
--------------------------------------------------------------------------------
[2025-12-31 17:14:17] 
  Files: N/A
  Input: {}
  Output: No output
--------------------------------------------------------------------------------
[2025-12-31 17:14:25] 
  Files: N/A
  Input: {}
  Output: No output
--------------------------------------------------------------------------------
[2025-12-31 17:14:33] 
  Files: N/A
  Input: {}
  Output: No output
--------------------------------------------------------------------------------
[2025-12-31 17:14:46] 
  Files: N/A
  Input: {}
  Output: No output
--------------------------------------------------------------------------------
[2025-12-31 17:15:00] 
  Files: N/A
  Input: {}
  Output: No output
--------------------------------------------------------------------------------
[2025-12-31 17:15:42] 
  Files: N/A
  Input: {}
  Output: No output
--------------------------------------------------------------------------------
[2025-12-31 17:15:50] 
  Files: N/A
  Input: {}
  Output: No output
--------------------------------------------------------------------------------
[2025-12-31 17:15:59] 
  Files: N/A
  Input: {}
  Output: No output
--------------------------------------------------------------------------------
[2025-12-31 17:16:18] 
  Files: N/A
  Input: {}
  Output: No output
--------------------------------------------------------------------------------
[2025-12-31 17:16:26] 
  Files: N/A
  Input: {}
  Output: No output
--------------------------------------------------------------------------------
[2025-12-31 17:16:33] 
  Files: N/A
  Input: {}
  Output: No output
--------------------------------------------------------------------------------
[2025-12-31 17:16:44] 
  Files: N/A
  Input: {}
  Output: No output
--------------------------------------------------------------------------------
[2025-12-31 17:17:11] 
  Files: N/A
  Input: {}
  Output: No output
--------------------------------------------------------------------------------
[2025-12-31 17:17:19] 
  Files: N/A
  Input: {}
  Output: No output
--------------------------------------------------------------------------------
[2025-12-31 17:17:28] 
  Files: N/A
  Input: {}
  Output: No output
--------------------------------------------------------------------------------
[2025-12-31 17:17:42] 
  Files: N/A
  Input: {}
  Output: No output
--------------------------------------------------------------------------------
[2025-12-31 17:17:53] 
  Files: N/A
  Input: {}
  Output: No output
--------------------------------------------------------------------------------
[2025-12-31 17:18:09] 
  Files: N/A
  Input: {}
  Output: No output
--------------------------------------------------------------------------------
[2025-12-31 17:18:25] 
  Files: N/A
  Input: {}
  Output: No output
--------------------------------------------------------------------------------
[2025-12-31 17:18:46] 
  Files: N/A
  Input: {}
  Output: No output
--------------------------------------------------------------------------------
[2025-12-31 17:18:56] 
  Files: N/A
  Input: {}
  Output: No output
--------------------------------------------------------------------------------
[2025-12-31 17:19:10] 
  Files: N/A
  Input: {}
  Output: No output
--------------------------------------------------------------------------------
[2025-12-31 17:19:36] 
  Files: N/A
  Input: {}
  Output: No output
--------------------------------------------------------------------------------
[2025-12-31 17:19:39] 
  Files: N/A
  Input: {}
  Output: No output
--------------------------------------------------------------------------------
[2025-12-31 17:19:39] 
  Files: N/A
  Input: {}
  Output: No output
--------------------------------------------------------------------------------
[2025-12-31 17:19:39] 
  Files: N/A
  Input: {}
  Output: No output
--------------------------------------------------------------------------------
[2025-12-31 17:19:45] 
  Files: N/A
  Input: {}
  Output: No output
--------------------------------------------------------------------------------
[2025-12-31 17:19:50] 
  Files: N/A
  Input: {}
  Output: No output
--------------------------------------------------------------------------------
[2025-12-31 17:19:50] 
  Files: N/A
  Input: {}
  Output: No output
--------------------------------------------------------------------------------
[2025-12-31 17:19:50] 
  Files: N/A
  Input: {}
  Output: No output
--------------------------------------------------------------------------------
[2025-12-31 17:19:56] 
  Files: N/A
  Input: {}
  Output: No output
--------------------------------------------------------------------------------
[2025-12-31 17:19:56] 
  Files: N/A
  Input: {}
  Output: No output
--------------------------------------------------------------------------------
[2025-12-31 17:20:11] 
  Files: N/A
  Input: {}
  Output: No output
--------------------------------------------------------------------------------
[2025-12-31 17:20:11] 
  Files: N/A
  Input: {}
  Output: No output
--------------------------------------------------------------------------------
[2025-12-31 17:20:12] 
  Files: N/A
  Input: {}
  Output: No output
--------------------------------------------------------------------------------
[2025-12-31 17:20:12] 
  Files: N/A
  Input: {}
  Output: No output
--------------------------------------------------------------------------------
[2025-12-31 17:20:25] 
  Files: N/A
  Input: {}
  Output: No output
--------------------------------------------------------------------------------
[2025-12-31 17:20:25] 
  Files: N/A
  Input: {}
  Output: No output
--------------------------------------------------------------------------------
[2025-12-31 17:20:25] 
  Files: N/A
  Input: {}
  Output: No output
--------------------------------------------------------------------------------
[2025-12-31 17:20:25] 
  Files: N/A
  Input: {}
  Output: No output
--------------------------------------------------------------------------------
[2025-12-31 17:20:25] 
  Files: N/A
  Input: {}
  Output: No output
--------------------------------------------------------------------------------
[2025-12-31 17:20:26] 
  Files: N/A
  Input: {}
  Output: No output
--------------------------------------------------------------------------------
[2025-12-31 17:20:32] 
  Files: N/A
  Input: {}
  Output: No output
--------------------------------------------------------------------------------
[2025-12-31 17:20:33] 
  Files: N/A
  Input: {}
  Output: No output
--------------------------------------------------------------------------------
[2025-12-31 17:20:39] 
  Files: N/A
  Input: {}
  Output: No output
--------------------------------------------------------------------------------
[2025-12-31 17:20:39] 
  Files: N/A
  Input: {}
  Output: No output
--------------------------------------------------------------------------------
[2025-12-31 17:20:39] 
  Files: N/A
  Input: {}
  Output: No output
--------------------------------------------------------------------------------
[2025-12-31 17:20:44] 
  Files: N/A
  Input: {}
  Output: No output
--------------------------------------------------------------------------------
[2025-12-31 17:20:44] 
  Files: N/A
  Input: {}
  Output: No output
--------------------------------------------------------------------------------
[2025-12-31 17:20:47] 
  Files: N/A
  Input: {}
  Output: No output
--------------------------------------------------------------------------------
[2025-12-31 17:20:48] 
  Files: N/A
  Input: {}
  Output: No output
--------------------------------------------------------------------------------
[2025-12-31 17:20:55] 
  Files: N/A
  Input: {}
  Output: No output
--------------------------------------------------------------------------------
[2025-12-31 17:20:59] 
  Files: N/A
  Input: {}
  Output: No output
--------------------------------------------------------------------------------
[2025-12-31 17:21:00] 
  Files: N/A
  Input: {}
  Output: No output
--------------------------------------------------------------------------------
[2025-12-31 17:21:00] 
  Files: N/A
  Input: {}
  Output: No output
--------------------------------------------------------------------------------
[2025-12-31 17:21:05] 
  Files: N/A
  Input: {}
  Output: No output
--------------------------------------------------------------------------------
[2025-12-31 17:21:15] 
  Files: N/A
  Input: {}
  Output: No output
--------------------------------------------------------------------------------
[2025-12-31 17:21:21] 
  Files: N/A
  Input: {}
  Output: No output
--------------------------------------------------------------------------------
[2025-12-31 17:21:27] 
  Files: N/A
  Input: {}
  Output: No output
--------------------------------------------------------------------------------
[2025-12-31 17:21:39] 
  Files: N/A
  Input: {}
  Output: No output
--------------------------------------------------------------------------------
[2025-12-31 17:21:59] 
  Files: N/A
  Input: {}
  Output: No output
--------------------------------------------------------------------------------
[2025-12-31 17:22:00] 
  Files: N/A
  Input: {}
  Output: No output
--------------------------------------------------------------------------------
[2025-12-31 17:22:15] 
  Files: N/A
  Input: {}
  Output: No output
--------------------------------------------------------------------------------
[2025-12-31 17:22:47] 
  Files: N/A
  Input: {}
  Output: No output
--------------------------------------------------------------------------------
[2025-12-31 17:22:57] 
  Files: N/A
  Input: {}
  Output: No output
--------------------------------------------------------------------------------
[2025-12-31 17:23:27] 
  Files: N/A
  Input: {}
  Output: No output
--------------------------------------------------------------------------------
[2025-12-31 17:23:27] 
  Files: N/A
  Input: {}
  Output: No output
--------------------------------------------------------------------------------
[2025-12-31 17:23:32] 
  Files: N/A
  Input: {}
  Output: No output
--------------------------------------------------------------------------------
[2025-12-31 17:23:38] 
  Files: N/A
  Input: {}
  Output: No output
--------------------------------------------------------------------------------
[2025-12-31 17:23:43] 
  Files: N/A
  Input: {}
  Output: No output
--------------------------------------------------------------------------------
[2025-12-31 17:23:50] 
  Files: N/A
  Input: {}
  Output: No output
--------------------------------------------------------------------------------
[2025-12-31 17:24:02] 
  Files: N/A
  Input: {}
  Output: No output
--------------------------------------------------------------------------------
[2025-12-31 17:24:11] 
  Files: N/A
  Input: {}
  Output: No output
--------------------------------------------------------------------------------
[2025-12-31 17:24:15] 
  Files: N/A
  Input: {}
  Output: No output
--------------------------------------------------------------------------------
[2025-12-31 17:24:19] 
  Files: N/A
  Input: {}
  Output: No output
--------------------------------------------------------------------------------
[2025-12-31 17:24:27] 
  Files: N/A
  Input: {}
  Output: No output
--------------------------------------------------------------------------------
[2025-12-31 17:24:42] 
  Files: N/A
  Input: {}
  Output: No output
--------------------------------------------------------------------------------
[2025-12-31 17:24:46] 
  Files: N/A
  Input: {}
  Output: No output
--------------------------------------------------------------------------------
[2025-12-31 17:24:52] 
  Files: N/A
  Input: {}
  Output: No output
--------------------------------------------------------------------------------
[2025-12-31 17:24:58] 
  Files: N/A
  Input: {}
  Output: No output
--------------------------------------------------------------------------------
[2025-12-31 17:25:19] 
  Files: N/A
  Input: {}
  Output: No output
--------------------------------------------------------------------------------
[2025-12-31 17:25:31] 
  Files: N/A
  Input: {}
  Output: No output
--------------------------------------------------------------------------------
[2025-12-31 17:25:37] 
  Files: N/A
  Input: {}
  Output: No output
--------------------------------------------------------------------------------
[2025-12-31 17:25:41] 
  Files: N/A
  Input: {}
  Output: No output
--------------------------------------------------------------------------------
[2025-12-31 17:25:43] 
  Files: N/A
  Input: {}
  Output: No output
--------------------------------------------------------------------------------
[2025-12-31 17:25:54] 
  Files: N/A
  Input: {}
  Output: No output
--------------------------------------------------------------------------------
[2025-12-31 17:26:01] 
  Files: N/A
  Input: {}
  Output: No output
--------------------------------------------------------------------------------
[2025-12-31 17:26:09] 
  Files: N/A
  Input: {}
  Output: No output
--------------------------------------------------------------------------------
[2025-12-31 17:26:14] 
  Files: N/A
  Input: {}
  Output: No output
--------------------------------------------------------------------------------
[2025-12-31 17:26:19] 
  Files: N/A
  Input: {}
  Output: No output
--------------------------------------------------------------------------------
[2025-12-31 17:26:30] 
  Files: N/A
  Input: {}
  Output: No output
--------------------------------------------------------------------------------
[2025-12-31 17:26:35] 
  Files: N/A
  Input: {}
  Output: No output
--------------------------------------------------------------------------------
[2025-12-31 17:26:43] 
  Files: N/A
  Input: {}
  Output: No output
--------------------------------------------------------------------------------
[2025-12-31 17:26:52] 
  Files: N/A
  Input: {}
  Output: No output
--------------------------------------------------------------------------------
[2025-12-31 17:26:55] 
  Files: N/A
  Input: {}
  Output: No output
--------------------------------------------------------------------------------
[2025-12-31 17:26:59] 
  Files: N/A
  Input: {}
  Output: No output
--------------------------------------------------------------------------------
[2025-12-31 17:27:01] 
  Files: N/A
  Input: {}
  Output: No output
--------------------------------------------------------------------------------
[2025-12-31 17:27:18] 
  Files: N/A
  Input: {}
  Output: No output
--------------------------------------------------------------------------------
[2025-12-31 17:27:22] 
  Files: N/A
  Input: {}
  Output: No output
--------------------------------------------------------------------------------
[2025-12-31 17:27:32] 
  Files: N/A
  Input: {}
  Output: No output
--------------------------------------------------------------------------------
[2025-12-31 17:27:34] 
  Files: N/A
  Input: {}
  Output: No output
--------------------------------------------------------------------------------
[2025-12-31 17:27:45] 
  Files: N/A
  Input: {}
  Output: No output
--------------------------------------------------------------------------------
[2025-12-31 17:27:46] 
  Files: N/A
  Input: {}
  Output: No output
--------------------------------------------------------------------------------
[2025-12-31 17:27:53] 
  Files: N/A
  Input: {}
  Output: No output
--------------------------------------------------------------------------------
[2025-12-31 17:27:56] 
  Files: N/A
  Input: {}
  Output: No output
--------------------------------------------------------------------------------
[2025-12-31 17:28:03] 
  Files: N/A
  Input: {}
  Output: No output
--------------------------------------------------------------------------------
[2025-12-31 17:28:15] 
  Files: N/A
  Input: {}
  Output: No output
--------------------------------------------------------------------------------
[2025-12-31 17:28:17] 
  Files: N/A
  Input: {}
  Output: No output
--------------------------------------------------------------------------------
[2025-12-31 17:28:26] 
  Files: N/A
  Input: {}
  Output: No output
--------------------------------------------------------------------------------
[2025-12-31 17:28:28] 
  Files: N/A
  Input: {}
  Output: No output
--------------------------------------------------------------------------------
[2025-12-31 17:28:34] 
  Files: N/A
  Input: {}
  Output: No output
--------------------------------------------------------------------------------
[2025-12-31 17:28:37] 
  Files: N/A
  Input: {}
  Output: No output
--------------------------------------------------------------------------------
[2025-12-31 17:28:43] 
  Files: N/A
  Input: {}
  Output: No output
--------------------------------------------------------------------------------
[2025-12-31 17:28:46] 
  Files: N/A
  Input: {}
  Output: No output
--------------------------------------------------------------------------------
[2025-12-31 17:28:57] 
  Files: N/A
  Input: {}
  Output: No output
--------------------------------------------------------------------------------
[2025-12-31 17:28:59] 
  Files: N/A
  Input: {}
  Output: No output
--------------------------------------------------------------------------------
[2025-12-31 17:29:14] 
  Files: N/A
  Input: {}
  Output: No output
--------------------------------------------------------------------------------
[2025-12-31 17:29:17] 
  Files: N/A
  Input: {}
  Output: No output
--------------------------------------------------------------------------------
[2025-12-31 17:29:26] 
  Files: N/A
  Input: {}
  Output: No output
--------------------------------------------------------------------------------
[2025-12-31 17:29:28] 
  Files: N/A
  Input: {}
  Output: No output
--------------------------------------------------------------------------------
[2025-12-31 17:29:36] 
  Files: N/A
  Input: {}
  Output: No output
--------------------------------------------------------------------------------
[2025-12-31 17:29:42] 
  Files: N/A
  Input: {}
  Output: No output
--------------------------------------------------------------------------------
[2025-12-31 17:29:49] 
  Files: N/A
  Input: {}
  Output: No output
--------------------------------------------------------------------------------
[2025-12-31 17:30:02] 
  Files: N/A
  Input: {}
  Output: No output
--------------------------------------------------------------------------------
[2025-12-31 17:30:02] 
  Files: N/A
  Input: {}
  Output: No output
--------------------------------------------------------------------------------
[2025-12-31 17:30:11] 
  Files: N/A
  Input: {}
  Output: No output
--------------------------------------------------------------------------------
[2025-12-31 17:30:15] 
  Files: N/A
  Input: {}
  Output: No output
--------------------------------------------------------------------------------
[2025-12-31 17:30:29] 
  Files: N/A
  Input: {}
  Output: No output
--------------------------------------------------------------------------------
[2025-12-31 17:30:31] 
  Files: N/A
  Input: {}
  Output: No output
--------------------------------------------------------------------------------
[2025-12-31 17:30:37] 
  Files: N/A
  Input: {}
  Output: No output
--------------------------------------------------------------------------------
[2025-12-31 17:30:43] 
  Files: N/A
  Input: {}
  Output: No output
--------------------------------------------------------------------------------
[2025-12-31 17:30:49] 
  Files: N/A
  Input: {}
  Output: No output
--------------------------------------------------------------------------------
[2025-12-31 17:30:51] 
  Files: N/A
  Input: {}
  Output: No output
--------------------------------------------------------------------------------
[2025-12-31 17:31:00] 
  Files: N/A
  Input: {}
  Output: No output
--------------------------------------------------------------------------------
[2025-12-31 17:31:02] 
  Files: N/A
  Input: {}
  Output: No output
--------------------------------------------------------------------------------
[2025-12-31 17:31:11] 
  Files: N/A
  Input: {}
  Output: No output
--------------------------------------------------------------------------------
[2025-12-31 17:31:11] 
  Files: N/A
  Input: {}
  Output: No output
--------------------------------------------------------------------------------
[2025-12-31 17:31:20] 
  Files: N/A
  Input: {}
  Output: No output
--------------------------------------------------------------------------------
[2025-12-31 17:31:30] 
  Files: N/A
  Input: {}
  Output: No output
--------------------------------------------------------------------------------
[2025-12-31 17:31:34] 
  Files: N/A
  Input: {}
  Output: No output
--------------------------------------------------------------------------------
[2025-12-31 17:31:39] 
  Files: N/A
  Input: {}
  Output: No output
--------------------------------------------------------------------------------
[2025-12-31 17:31:44] 
  Files: N/A
  Input: {}
  Output: No output
--------------------------------------------------------------------------------
[2025-12-31 17:31:52] 
  Files: N/A
  Input: {}
  Output: No output
--------------------------------------------------------------------------------
[2025-12-31 17:31:57] 
  Files: N/A
  Input: {}
  Output: No output
--------------------------------------------------------------------------------
[2025-12-31 17:32:06] 
  Files: N/A
  Input: {}
  Output: No output
--------------------------------------------------------------------------------
[2025-12-31 17:32:15] 
  Files: N/A
  Input: {}
  Output: No output
--------------------------------------------------------------------------------
[2025-12-31 17:32:15] 
  Files: N/A
  Input: {}
  Output: No output
--------------------------------------------------------------------------------
[2025-12-31 17:32:29] 
  Files: N/A
  Input: {}
  Output: No output
--------------------------------------------------------------------------------
[2025-12-31 17:32:32] 
  Files: N/A
  Input: {}
  Output: No output
--------------------------------------------------------------------------------
[2025-12-31 17:32:37] 
  Files: N/A
  Input: {}
  Output: No output
--------------------------------------------------------------------------------
[2025-12-31 17:32:41] 
  Files: N/A
  Input: {}
  Output: No output
--------------------------------------------------------------------------------
[2025-12-31 17:32:56] 
  Files: N/A
  Input: {}
  Output: No output
--------------------------------------------------------------------------------
[2025-12-31 17:32:58] 
  Files: N/A
  Input: {}
  Output: No output
--------------------------------------------------------------------------------
[2025-12-31 17:33:08] 
  Files: N/A
  Input: {}
  Output: No output
--------------------------------------------------------------------------------
[2025-12-31 17:33:15] 
  Files: N/A
  Input: {}
  Output: No output
--------------------------------------------------------------------------------
[2025-12-31 17:33:26] 
  Files: N/A
  Input: {}
  Output: No output
--------------------------------------------------------------------------------
[2025-12-31 17:33:33] 
  Files: N/A
  Input: {}
  Output: No output
--------------------------------------------------------------------------------
[2025-12-31 17:33:39] 
  Files: N/A
  Input: {}
  Output: No output
--------------------------------------------------------------------------------
[2025-12-31 17:33:56] 
  Files: N/A
  Input: {}
  Output: No output
--------------------------------------------------------------------------------
[2025-12-31 17:34:17] 
  Files: N/A
  Input: {}
  Output: No output
--------------------------------------------------------------------------------
[2025-12-31 17:34:36] 
  Files: N/A
  Input: {}
  Output: No output
--------------------------------------------------------------------------------
[2025-12-31 17:35:03] 
  Files: N/A
  Input: {}
  Output: No output
--------------------------------------------------------------------------------
[2025-12-31 17:35:03] 
  Files: N/A
  Input: {}
  Output: No output
--------------------------------------------------------------------------------
[2025-12-31 17:35:05] 
  Files: N/A
  Input: {}
  Output: No output
--------------------------------------------------------------------------------
[2025-12-31 17:35:07] 
  Files: N/A
  Input: {}
  Output: No output
--------------------------------------------------------------------------------
[2025-12-31 17:35:14] 
  Files: N/A
  Input: {}
  Output: No output
--------------------------------------------------------------------------------
[2025-12-31 17:35:15] 
  Files: N/A
  Input: {}
  Output: No output
--------------------------------------------------------------------------------
[2025-12-31 17:35:15] 
  Files: N/A
  Input: {}
  Output: No output
--------------------------------------------------------------------------------
[2025-12-31 17:35:16] 
  Files: N/A
  Input: {}
  Output: No output
--------------------------------------------------------------------------------
[2025-12-31 17:35:25] 
  Files: N/A
  Input: {}
  Output: No output
--------------------------------------------------------------------------------
[2025-12-31 17:35:25] 
  Files: N/A
  Input: {}
  Output: No output
--------------------------------------------------------------------------------
[2025-12-31 17:35:32] 
  Files: N/A
  Input: {}
  Output: No output
--------------------------------------------------------------------------------
[2025-12-31 17:35:32] 
  Files: N/A
  Input: {}
  Output: No output
--------------------------------------------------------------------------------
[2025-12-31 17:35:32] 
  Files: N/A
  Input: {}
  Output: No output
--------------------------------------------------------------------------------
[2025-12-31 17:35:37] 
  Files: N/A
  Input: {}
  Output: No output
--------------------------------------------------------------------------------
[2025-12-31 17:35:40] 
  Files: N/A
  Input: {}
  Output: No output
--------------------------------------------------------------------------------
[2025-12-31 17:35:42] 
  Files: N/A
  Input: {}
  Output: No output
--------------------------------------------------------------------------------
[2025-12-31 17:35:42] 
  Files: N/A
  Input: {}
  Output: No output
--------------------------------------------------------------------------------
[2025-12-31 17:35:52] 
  Files: N/A
  Input: {}
  Output: No output
--------------------------------------------------------------------------------
[2025-12-31 17:35:53] 
  Files: N/A
  Input: {}
  Output: No output
--------------------------------------------------------------------------------
[2025-12-31 17:35:53] 
  Files: N/A
  Input: {}
  Output: No output
--------------------------------------------------------------------------------
[2025-12-31 17:35:53] 
  Files: N/A
  Input: {}
  Output: No output
--------------------------------------------------------------------------------
[2025-12-31 17:35:53] 
  Files: N/A
  Input: {}
  Output: No output
--------------------------------------------------------------------------------
[2025-12-31 17:36:00] 
  Files: N/A
  Input: {}
  Output: No output
--------------------------------------------------------------------------------
[2025-12-31 17:36:45] 
  Files: N/A
  Input: {}
  Output: No output
--------------------------------------------------------------------------------
[2025-12-31 17:36:54] 
  Files: N/A
  Input: {}
  Output: No output
--------------------------------------------------------------------------------
[2025-12-31 17:37:28] 
  Files: N/A
  Input: {}
  Output: No output
--------------------------------------------------------------------------------
[2025-12-31 17:37:31] 
  Files: N/A
  Input: {}
  Output: No output
--------------------------------------------------------------------------------
[2025-12-31 17:38:10] 
  Files: N/A
  Input: {}
  Output: No output
--------------------------------------------------------------------------------
[2025-12-31 17:38:20] 
  Files: N/A
  Input: {}
  Output: No output
--------------------------------------------------------------------------------
[2025-12-31 17:38:48] 
  Files: N/A
  Input: {}
  Output: No output
--------------------------------------------------------------------------------
[2025-12-31 17:38:50] 
  Files: N/A
  Input: {}
  Output: No output
--------------------------------------------------------------------------------
[2025-12-31 17:38:56] 
  Files: N/A
  Input: {}
  Output: No output
--------------------------------------------------------------------------------
[2025-12-31 17:39:12] 
  Files: N/A
  Input: {}
  Output: No output
--------------------------------------------------------------------------------
[2025-12-31 17:39:17] 
  Files: N/A
  Input: {}
  Output: No output
--------------------------------------------------------------------------------
[2025-12-31 17:39:23] 
  Files: N/A
  Input: {}
  Output: No output
--------------------------------------------------------------------------------
[2025-12-31 17:39:31] 
  Files: N/A
  Input: {}
  Output: No output
--------------------------------------------------------------------------------
[2025-12-31 17:39:37] 
  Files: N/A
  Input: {}
  Output: No output
--------------------------------------------------------------------------------
[2025-12-31 17:39:40] 
  Files: N/A
  Input: {}
  Output: No output
--------------------------------------------------------------------------------
[2025-12-31 17:39:47] 
  Files: N/A
  Input: {}
  Output: No output
--------------------------------------------------------------------------------
[2025-12-31 17:39:53] 
  Files: N/A
  Input: {}
  Output: No output
--------------------------------------------------------------------------------
[2025-12-31 17:40:01] 
  Files: N/A
  Input: {}
  Output: No output
--------------------------------------------------------------------------------
[2025-12-31 17:40:08] 
  Files: N/A
  Input: {}
  Output: No output
--------------------------------------------------------------------------------
[2025-12-31 17:40:11] 
  Files: N/A
  Input: {}
  Output: No output
--------------------------------------------------------------------------------
[2025-12-31 17:40:19] 
  Files: N/A
  Input: {}
  Output: No output
--------------------------------------------------------------------------------
[2025-12-31 17:40:26] 
  Files: N/A
  Input: {}
  Output: No output
--------------------------------------------------------------------------------
[2025-12-31 17:40:30] 
  Files: N/A
  Input: {}
  Output: No output
--------------------------------------------------------------------------------
[2025-12-31 17:40:33] 
  Files: N/A
  Input: {}
  Output: No output
--------------------------------------------------------------------------------
[2025-12-31 17:40:37] 
  Files: N/A
  Input: {}
  Output: No output
--------------------------------------------------------------------------------
[2025-12-31 17:40:40] 
  Files: N/A
  Input: {}
  Output: No output
--------------------------------------------------------------------------------
[2025-12-31 17:40:44] 
  Files: N/A
  Input: {}
  Output: No output
--------------------------------------------------------------------------------
[2025-12-31 17:40:49] 
  Files: N/A
  Input: {}
  Output: No output
--------------------------------------------------------------------------------
[2025-12-31 17:40:56] 
  Files: N/A
  Input: {}
  Output: No output
--------------------------------------------------------------------------------
[2025-12-31 17:41:03] 
  Files: N/A
  Input: {}
  Output: No output
--------------------------------------------------------------------------------
[2025-12-31 17:41:08] 
  Files: N/A
  Input: {}
  Output: No output
--------------------------------------------------------------------------------
[2025-12-31 17:41:12] 
  Files: N/A
  Input: {}
  Output: No output
--------------------------------------------------------------------------------
[2025-12-31 17:41:21] 
  Files: N/A
  Input: {}
  Output: No output
--------------------------------------------------------------------------------
[2025-12-31 17:41:24] 
  Files: N/A
  Input: {}
  Output: No output
--------------------------------------------------------------------------------
[2025-12-31 17:41:30] 
  Files: N/A
  Input: {}
  Output: No output
--------------------------------------------------------------------------------
[2025-12-31 17:41:32] 
  Files: N/A
  Input: {}
  Output: No output
--------------------------------------------------------------------------------
[2025-12-31 17:41:35] 
  Files: N/A
  Input: {}
  Output: No output
--------------------------------------------------------------------------------
[2025-12-31 17:41:40] 
  Files: N/A
  Input: {}
  Output: No output
--------------------------------------------------------------------------------
[2025-12-31 17:41:41] 
  Files: N/A
  Input: {}
  Output: No output
--------------------------------------------------------------------------------
[2025-12-31 17:41:48] 
  Files: N/A
  Input: {}
  Output: No output
--------------------------------------------------------------------------------
[2025-12-31 17:41:51] 
  Files: N/A
  Input: {}
  Output: No output
--------------------------------------------------------------------------------
[2025-12-31 17:41:53] 
  Files: N/A
  Input: {}
  Output: No output
--------------------------------------------------------------------------------
[2025-12-31 17:41:59] 
  Files: N/A
  Input: {}
  Output: No output
--------------------------------------------------------------------------------
[2025-12-31 17:42:04] 
  Files: N/A
  Input: {}
  Output: No output
--------------------------------------------------------------------------------
[2025-12-31 17:42:06] 
  Files: N/A
  Input: {}
  Output: No output
--------------------------------------------------------------------------------
[2025-12-31 17:42:22] 
  Files: N/A
  Input: {}
  Output: No output
--------------------------------------------------------------------------------
[2025-12-31 17:42:26] 
  Files: N/A
  Input: {}
  Output: No output
--------------------------------------------------------------------------------
[2025-12-31 17:42:28] 
  Files: N/A
  Input: {}
  Output: No output
--------------------------------------------------------------------------------
[2025-12-31 17:43:04] 
  Files: N/A
  Input: {}
  Output: No output
--------------------------------------------------------------------------------
[2025-12-31 17:43:07] 
  Files: N/A
  Input: {}
  Output: No output
--------------------------------------------------------------------------------
[2025-12-31 17:43:18] 
  Files: N/A
  Input: {}
  Output: No output
--------------------------------------------------------------------------------
[2025-12-31 17:43:31] 
  Files: N/A
  Input: {}
  Output: No output
--------------------------------------------------------------------------------
[2025-12-31 17:43:40] 
  Files: N/A
  Input: {}
  Output: No output
--------------------------------------------------------------------------------
[2025-12-31 17:43:56] 
  Files: N/A
  Input: {}
  Output: No output
--------------------------------------------------------------------------------
[2025-12-31 17:44:02] 
  Files: N/A
  Input: {}
  Output: No output
--------------------------------------------------------------------------------
[2025-12-31 17:44:10] 
  Files: N/A
  Input: {}
  Output: No output
--------------------------------------------------------------------------------
[2025-12-31 17:44:10] 
  Files: N/A
  Input: {}
  Output: No output
--------------------------------------------------------------------------------
[2025-12-31 17:44:24] 
  Files: N/A
  Input: {}
  Output: No output
--------------------------------------------------------------------------------
[2025-12-31 17:44:38] 
  Files: N/A
  Input: {}
  Output: No output
--------------------------------------------------------------------------------
[2025-12-31 17:44:41] 
  Files: N/A
  Input: {}
  Output: No output
--------------------------------------------------------------------------------
[2025-12-31 17:44:48] 
  Files: N/A
  Input: {}
  Output: No output
--------------------------------------------------------------------------------
[2025-12-31 17:44:50] 
  Files: N/A
  Input: {}
  Output: No output
--------------------------------------------------------------------------------
[2025-12-31 17:45:00] 
  Files: N/A
  Input: {}
  Output: No output
--------------------------------------------------------------------------------
[2025-12-31 17:45:01] 
  Files: N/A
  Input: {}
  Output: No output
--------------------------------------------------------------------------------
[2025-12-31 17:45:14] 
  Files: N/A
  Input: {}
  Output: No output
--------------------------------------------------------------------------------
[2025-12-31 17:45:17] 
  Files: N/A
  Input: {}
  Output: No output
--------------------------------------------------------------------------------
[2025-12-31 17:45:24] 
  Files: N/A
  Input: {}
  Output: No output
--------------------------------------------------------------------------------
[2025-12-31 17:45:30] 
  Files: N/A
  Input: {}
  Output: No output
--------------------------------------------------------------------------------
[2025-12-31 17:45:32] 
  Files: N/A
  Input: {}
  Output: No output
--------------------------------------------------------------------------------
[2025-12-31 17:45:45] 
  Files: N/A
  Input: {}
  Output: No output
--------------------------------------------------------------------------------
[2025-12-31 17:45:56] 
  Files: N/A
  Input: {}
  Output: No output
--------------------------------------------------------------------------------
[2025-12-31 17:46:25] 
  Files: N/A
  Input: {}
  Output: No output
--------------------------------------------------------------------------------
[2025-12-31 17:46:25] 
  Files: N/A
  Input: {}
  Output: No output
--------------------------------------------------------------------------------
[2025-12-31 17:46:26] 
  Files: N/A
  Input: {}
  Output: No output
--------------------------------------------------------------------------------
[2025-12-31 17:46:27] 
  Files: N/A
  Input: {}
  Output: No output
--------------------------------------------------------------------------------
[2025-12-31 17:46:30] 
  Files: N/A
  Input: {}
  Output: No output
--------------------------------------------------------------------------------
[2025-12-31 17:46:36] 
  Files: N/A
  Input: {}
  Output: No output
--------------------------------------------------------------------------------
[2025-12-31 17:46:36] 
  Files: N/A
  Input: {}
  Output: No output
--------------------------------------------------------------------------------
[2025-12-31 17:46:36] 
  Files: N/A
  Input: {}
  Output: No output
--------------------------------------------------------------------------------
[2025-12-31 17:46:36] 
  Files: N/A
  Input: {}
  Output: No output
--------------------------------------------------------------------------------
[2025-12-31 17:46:37] 
  Files: N/A
  Input: {}
  Output: No output
--------------------------------------------------------------------------------
[2025-12-31 17:46:39] 
  Files: N/A
  Input: {}
  Output: No output
--------------------------------------------------------------------------------
[2025-12-31 17:46:44] 
  Files: N/A
  Input: {}
  Output: No output
--------------------------------------------------------------------------------
[2025-12-31 17:46:44] 
  Files: N/A
  Input: {}
  Output: No output
--------------------------------------------------------------------------------
[2025-12-31 17:46:44] 
  Files: N/A
  Input: {}
  Output: No output
--------------------------------------------------------------------------------
[2025-12-31 17:46:46] 
  Files: N/A
  Input: {}
  Output: No output
--------------------------------------------------------------------------------
[2025-12-31 17:47:03] 
  Files: N/A
  Input: {}
  Output: No output
--------------------------------------------------------------------------------
[2025-12-31 17:47:03] 
  Files: N/A
  Input: {}
  Output: No output
--------------------------------------------------------------------------------
[2025-12-31 17:47:03] 
  Files: N/A
  Input: {}
  Output: No output
--------------------------------------------------------------------------------
[2025-12-31 17:47:03] 
  Files: N/A
  Input: {}
  Output: No output
--------------------------------------------------------------------------------
[2025-12-31 17:47:04] 
  Files: N/A
  Input: {}
  Output: No output
--------------------------------------------------------------------------------
[2025-12-31 17:47:04] 
  Files: N/A
  Input: {}
  Output: No output
--------------------------------------------------------------------------------
[2025-12-31 17:47:05] 
  Files: N/A
  Input: {}
  Output: No output
--------------------------------------------------------------------------------
[2025-12-31 17:47:22] 
  Files: N/A
  Input: {}
  Output: No output
--------------------------------------------------------------------------------
[2025-12-31 17:47:22] 
  Files: N/A
  Input: {}
  Output: No output
--------------------------------------------------------------------------------
[2025-12-31 17:47:22] 
  Files: N/A
  Input: {}
  Output: No output
--------------------------------------------------------------------------------
[2025-12-31 17:47:22] 
  Files: N/A
  Input: {}
  Output: No output
--------------------------------------------------------------------------------
[2025-12-31 17:47:22] 
  Files: N/A
  Input: {}
  Output: No output
--------------------------------------------------------------------------------
[2025-12-31 17:47:23] 
  Files: N/A
  Input: {}
  Output: No output
--------------------------------------------------------------------------------
[2025-12-31 17:47:23] 
  Files: N/A
  Input: {}
  Output: No output
--------------------------------------------------------------------------------
[2025-12-31 17:47:40] 
  Files: N/A
  Input: {}
  Output: No output
--------------------------------------------------------------------------------
[2025-12-31 17:47:40] 
  Files: N/A
  Input: {}
  Output: No output
--------------------------------------------------------------------------------
[2025-12-31 17:47:40] 
  Files: N/A
  Input: {}
  Output: No output
--------------------------------------------------------------------------------
[2025-12-31 17:47:40] 
  Files: N/A
  Input: {}
  Output: No output
--------------------------------------------------------------------------------
[2025-12-31 17:48:07] 
  Files: N/A
  Input: {}
  Output: No output
--------------------------------------------------------------------------------
[2025-12-31 17:48:07] 
  Files: N/A
  Input: {}
  Output: No output
--------------------------------------------------------------------------------
[2025-12-31 17:48:07] 
  Files: N/A
  Input: {}
  Output: No output
--------------------------------------------------------------------------------
[2025-12-31 17:48:07] 
  Files: N/A
  Input: {}
  Output: No output
--------------------------------------------------------------------------------
[2025-12-31 17:48:07] 
  Files: N/A
  Input: {}
  Output: No output
--------------------------------------------------------------------------------
[2025-12-31 17:48:21] 
  Files: N/A
  Input: {}
  Output: No output
--------------------------------------------------------------------------------
[2025-12-31 17:48:21] 
  Files: N/A
  Input: {}
  Output: No output
--------------------------------------------------------------------------------
[2025-12-31 17:48:22] 
  Files: N/A
  Input: {}
  Output: No output
--------------------------------------------------------------------------------
[2025-12-31 17:49:05] 
  Files: N/A
  Input: {}
  Output: No output
--------------------------------------------------------------------------------
[2025-12-31 17:49:20] 
  Files: N/A
  Input: {}
  Output: No output
--------------------------------------------------------------------------------
[2025-12-31 17:49:25] 
  Files: N/A
  Input: {}
  Output: No output
--------------------------------------------------------------------------------
[2025-12-31 17:49:59] 
  Files: N/A
  Input: {}
  Output: No output
--------------------------------------------------------------------------------
[2025-12-31 17:50:04] 
  Files: N/A
  Input: {}
  Output: No output
--------------------------------------------------------------------------------
[2025-12-31 17:50:18] 
  Files: N/A
  Input: {}
  Output: No output
--------------------------------------------------------------------------------
[2025-12-31 17:50:23] 
  Files: N/A
  Input: {}
  Output: No output
--------------------------------------------------------------------------------
[2025-12-31 17:50:26] 
  Files: N/A
  Input: {}
  Output: No output
--------------------------------------------------------------------------------
[2025-12-31 17:50:29] 
  Files: N/A
  Input: {}
  Output: No output
--------------------------------------------------------------------------------
[2025-12-31 17:50:32] 
  Files: N/A
  Input: {}
  Output: No output
--------------------------------------------------------------------------------
[2025-12-31 17:50:37] 
  Files: N/A
  Input: {}
  Output: No output
--------------------------------------------------------------------------------
[2025-12-31 17:50:44] 
  Files: N/A
  Input: {}
  Output: No output
--------------------------------------------------------------------------------
[2025-12-31 17:50:50] 
  Files: N/A
  Input: {}
  Output: No output
--------------------------------------------------------------------------------
[2025-12-31 17:50:56] 
  Files: N/A
  Input: {}
  Output: No output
--------------------------------------------------------------------------------
[2025-12-31 17:51:00] 
  Files: N/A
  Input: {}
  Output: No output
--------------------------------------------------------------------------------
[2025-12-31 17:51:07] 
  Files: N/A
  Input: {}
  Output: No output
--------------------------------------------------------------------------------
[2025-12-31 17:51:14] 
  Files: N/A
  Input: {}
  Output: No output
--------------------------------------------------------------------------------
[2025-12-31 17:51:20] 
  Files: N/A
  Input: {}
  Output: No output
--------------------------------------------------------------------------------
[2025-12-31 17:51:22] 
  Files: N/A
  Input: {}
  Output: No output
--------------------------------------------------------------------------------
[2025-12-31 17:51:36] 
  Files: N/A
  Input: {}
  Output: No output
--------------------------------------------------------------------------------
[2025-12-31 17:51:43] 
  Files: N/A
  Input: {}
  Output: No output
--------------------------------------------------------------------------------
[2025-12-31 17:51:45] 
  Files: N/A
  Input: {}
  Output: No output
--------------------------------------------------------------------------------
[2025-12-31 17:51:50] 
  Files: N/A
  Input: {}
  Output: No output
--------------------------------------------------------------------------------
[2025-12-31 17:52:01] 
  Files: N/A
  Input: {}
  Output: No output
--------------------------------------------------------------------------------
[2025-12-31 17:52:03] 
  Files: N/A
  Input: {}
  Output: No output
--------------------------------------------------------------------------------
[2025-12-31 17:52:14] 
  Files: N/A
  Input: {}
  Output: No output
--------------------------------------------------------------------------------
[2025-12-31 17:52:37] 
  Files: N/A
  Input: {}
  Output: No output
--------------------------------------------------------------------------------
[2025-12-31 17:52:45] 
  Files: N/A
  Input: {}
  Output: No output
--------------------------------------------------------------------------------
[2025-12-31 17:52:48] 
  Files: N/A
  Input: {}
  Output: No output
--------------------------------------------------------------------------------
[2025-12-31 17:52:52] 
  Files: N/A
  Input: {}
  Output: No output
--------------------------------------------------------------------------------
[2025-12-31 17:52:59] 
  Files: N/A
  Input: {}
  Output: No output
--------------------------------------------------------------------------------
[2025-12-31 17:53:09] 
  Files: N/A
  Input: {}
  Output: No output
--------------------------------------------------------------------------------
[2025-12-31 17:53:10] 
  Files: N/A
  Input: {}
  Output: No output
--------------------------------------------------------------------------------
[2025-12-31 17:53:25] 
  Files: N/A
  Input: {}
  Output: No output
--------------------------------------------------------------------------------
[2025-12-31 17:53:25] 
  Files: N/A
  Input: {}
  Output: No output
--------------------------------------------------------------------------------
[2025-12-31 17:53:43] 
  Files: N/A
  Input: {}
  Output: No output
--------------------------------------------------------------------------------
[2025-12-31 17:53:47] 
  Files: N/A
  Input: {}
  Output: No output
--------------------------------------------------------------------------------
[2025-12-31 17:53:58] 
  Files: N/A
  Input: {}
  Output: No output
--------------------------------------------------------------------------------
[2025-12-31 17:53:58] 
  Files: N/A
  Input: {}
  Output: No output
--------------------------------------------------------------------------------
[2025-12-31 17:54:07] 
  Files: N/A
  Input: {}
  Output: No output
--------------------------------------------------------------------------------
[2025-12-31 17:54:12] 
  Files: N/A
  Input: {}
  Output: No output
--------------------------------------------------------------------------------
[2025-12-31 17:54:21] 
  Files: N/A
  Input: {}
  Output: No output
--------------------------------------------------------------------------------
[2025-12-31 17:54:26] 
  Files: N/A
  Input: {}
  Output: No output
--------------------------------------------------------------------------------
[2025-12-31 17:54:29] 
  Files: N/A
  Input: {}
  Output: No output
--------------------------------------------------------------------------------
[2025-12-31 17:54:36] 
  Files: N/A
  Input: {}
  Output: No output
--------------------------------------------------------------------------------
[2025-12-31 17:54:40] 
  Files: N/A
  Input: {}
  Output: No output
--------------------------------------------------------------------------------
[2025-12-31 17:54:50] 
  Files: N/A
  Input: {}
  Output: No output
--------------------------------------------------------------------------------
[2025-12-31 17:54:52] 
  Files: N/A
  Input: {}
  Output: No output
--------------------------------------------------------------------------------
[2025-12-31 17:55:01] 
  Files: N/A
  Input: {}
  Output: No output
--------------------------------------------------------------------------------
[2025-12-31 17:55:07] 
  Files: N/A
  Input: {}
  Output: No output
--------------------------------------------------------------------------------
[2025-12-31 17:55:10] 
  Files: N/A
  Input: {}
  Output: No output
--------------------------------------------------------------------------------
[2025-12-31 17:55:17] 
  Files: N/A
  Input: {}
  Output: No output
--------------------------------------------------------------------------------
[2025-12-31 17:55:17] 
  Files: N/A
  Input: {}
  Output: No output
--------------------------------------------------------------------------------
[2025-12-31 17:55:28] 
  Files: N/A
  Input: {}
  Output: No output
--------------------------------------------------------------------------------
[2025-12-31 17:55:33] 
  Files: N/A
  Input: {}
  Output: No output
--------------------------------------------------------------------------------
[2025-12-31 17:55:36] 
  Files: N/A
  Input: {}
  Output: No output
--------------------------------------------------------------------------------
[2025-12-31 17:55:43] 
  Files: N/A
  Input: {}
  Output: No output
--------------------------------------------------------------------------------
[2025-12-31 17:55:53] 
  Files: N/A
  Input: {}
  Output: No output
--------------------------------------------------------------------------------
[2025-12-31 17:55:54] 
  Files: N/A
  Input: {}
  Output: No output
--------------------------------------------------------------------------------
[2025-12-31 17:56:08] 
  Files: N/A
  Input: {}
  Output: No output
--------------------------------------------------------------------------------
[2025-12-31 17:56:08] 
  Files: N/A
  Input: {}
  Output: No output
--------------------------------------------------------------------------------
[2025-12-31 17:56:16] 
  Files: N/A
  Input: {}
  Output: No output
--------------------------------------------------------------------------------
[2025-12-31 17:56:24] 
  Files: N/A
  Input: {}
  Output: No output
--------------------------------------------------------------------------------
[2025-12-31 17:56:33] 
  Files: N/A
  Input: {}
  Output: No output
--------------------------------------------------------------------------------
[2025-12-31 17:56:49] 
  Files: N/A
  Input: {}
  Output: No output
--------------------------------------------------------------------------------
[2025-12-31 17:57:04] 
  Files: N/A
  Input: {}
  Output: No output
--------------------------------------------------------------------------------
[2025-12-31 17:57:34] 
  Files: N/A
  Input: {}
  Output: No output
--------------------------------------------------------------------------------
[2025-12-31 17:57:43] 
  Files: N/A
  Input: {}
  Output: No output
--------------------------------------------------------------------------------
[2025-12-31 17:57:52] 
  Files: N/A
  Input: {}
  Output: No output
--------------------------------------------------------------------------------
[2025-12-31 17:58:09] 
  Files: N/A
  Input: {}
  Output: No output
--------------------------------------------------------------------------------
[2025-12-31 17:58:18] 
  Files: N/A
  Input: {}
  Output: No output
--------------------------------------------------------------------------------
[2025-12-31 17:58:27] 
  Files: N/A
  Input: {}
  Output: No output
--------------------------------------------------------------------------------
[2025-12-31 17:58:36] 
  Files: N/A
  Input: {}
  Output: No output
--------------------------------------------------------------------------------
[2025-12-31 17:58:45] 
  Files: N/A
  Input: {}
  Output: No output
--------------------------------------------------------------------------------
[2025-12-31 17:59:00] 
  Files: N/A
  Input: {}
  Output: No output
--------------------------------------------------------------------------------
[2025-12-31 17:59:08] 
  Files: N/A
  Input: {}
  Output: No output
--------------------------------------------------------------------------------
[2025-12-31 17:59:17] 
  Files: N/A
  Input: {}
  Output: No output
--------------------------------------------------------------------------------
[2025-12-31 17:59:30] 
  Files: N/A
  Input: {}
  Output: No output
--------------------------------------------------------------------------------
[2025-12-31 17:59:40] 
  Files: N/A
  Input: {}
  Output: No output
--------------------------------------------------------------------------------
[2025-12-31 17:59:56] 
  Files: N/A
  Input: {}
  Output: No output
--------------------------------------------------------------------------------
[2025-12-31 18:00:04] 
  Files: N/A
  Input: {}
  Output: No output
--------------------------------------------------------------------------------
[2025-12-31 18:00:14] 
  Files: N/A
  Input: {}
  Output: No output
--------------------------------------------------------------------------------
[2025-12-31 18:00:29] 
  Files: N/A
  Input: {}
  Output: No output
--------------------------------------------------------------------------------
[2025-12-31 18:00:51] 
  Files: N/A
  Input: {}
  Output: No output
--------------------------------------------------------------------------------
[2025-12-31 18:01:31] 
  Files: N/A
  Input: {}
  Output: No output
--------------------------------------------------------------------------------
[2025-12-31 18:01:39] 
  Files: N/A
  Input: {}
  Output: No output
--------------------------------------------------------------------------------
[2025-12-31 18:02:00] 
  Files: N/A
  Input: {}
  Output: No output
--------------------------------------------------------------------------------
[2025-12-31 18:02:17] 
  Files: N/A
  Input: {}
  Output: No output
--------------------------------------------------------------------------------
[2025-12-31 18:02:32] 
  Files: N/A
  Input: {}
  Output: No output
--------------------------------------------------------------------------------
[2025-12-31 18:02:39] 
  Files: N/A
  Input: {}
  Output: No output
--------------------------------------------------------------------------------
[2025-12-31 18:02:47] 
  Files: N/A
  Input: {}
  Output: No output
--------------------------------------------------------------------------------
[2025-12-31 18:02:57] 
  Files: N/A
  Input: {}
  Output: No output
--------------------------------------------------------------------------------
[2025-12-31 18:03:05] 
  Files: N/A
  Input: {}
  Output: No output
--------------------------------------------------------------------------------
[2025-12-31 18:03:23] 
  Files: N/A
  Input: {}
  Output: No output
--------------------------------------------------------------------------------
[2025-12-31 18:03:38] 
  Files: N/A
  Input: {}
  Output: No output
--------------------------------------------------------------------------------
[2025-12-31 18:03:53] 
  Files: N/A
  Input: {}
  Output: No output
--------------------------------------------------------------------------------
[2025-12-31 18:04:06] 
  Files: N/A
  Input: {}
  Output: No output
--------------------------------------------------------------------------------
[2025-12-31 18:04:13] 
  Files: N/A
  Input: {}
  Output: No output
--------------------------------------------------------------------------------
[2025-12-31 18:04:32] 
  Files: N/A
  Input: {}
  Output: No output
--------------------------------------------------------------------------------
[2025-12-31 18:04:43] 
  Files: N/A
  Input: {}
  Output: No output
--------------------------------------------------------------------------------
[2025-12-31 18:05:20] 
  Files: N/A
  Input: {}
  Output: No output
--------------------------------------------------------------------------------
[2025-12-31 18:05:38] 
  Files: N/A
  Input: {}
  Output: No output
--------------------------------------------------------------------------------
[2025-12-31 18:05:44] 
  Files: N/A
  Input: {}
  Output: No output
--------------------------------------------------------------------------------
[2025-12-31 18:06:00] 
  Files: N/A
  Input: {}
  Output: No output
--------------------------------------------------------------------------------
[2025-12-31 18:06:15] 
  Files: N/A
  Input: {}
  Output: No output
--------------------------------------------------------------------------------
[2025-12-31 18:06:26] 
  Files: N/A
  Input: {}
  Output: No output
--------------------------------------------------------------------------------
[2025-12-31 18:22:25] 
  Files: N/A
  Input: {}
  Output: No output
--------------------------------------------------------------------------------
[2025-12-31 18:22:25] 
  Files: N/A
  Input: {}
  Output: No output
--------------------------------------------------------------------------------
[2025-12-31 18:22:25] 
  Files: N/A
  Input: {}
  Output: No output
--------------------------------------------------------------------------------
[2025-12-31 18:22:25] 
  Files: N/A
  Input: {}
  Output: No output
--------------------------------------------------------------------------------
[2025-12-31 18:22:25] 
  Files: N/A
  Input: {}
  Output: No output
--------------------------------------------------------------------------------
[2025-12-31 18:22:26] 
  Files: N/A
  Input: {}
  Output: No output
--------------------------------------------------------------------------------
[2025-12-31 18:22:26] 
  Files: N/A
  Input: {}
  Output: No output
--------------------------------------------------------------------------------
[2025-12-31 18:22:27] 
  Files: N/A
  Input: {}
  Output: No output
--------------------------------------------------------------------------------
[2025-12-31 18:22:28] 
  Files: N/A
  Input: {}
  Output: No output
--------------------------------------------------------------------------------
[2025-12-31 18:22:28] 
  Files: N/A
  Input: {}
  Output: No output
--------------------------------------------------------------------------------
[2025-12-31 18:22:58] 
  Files: N/A
  Input: {}
  Output: No output
--------------------------------------------------------------------------------
[2025-12-31 18:22:58] 
  Files: N/A
  Input: {}
  Output: No output
--------------------------------------------------------------------------------
[2025-12-31 18:23:01] 
  Files: N/A
  Input: {}
  Output: No output
--------------------------------------------------------------------------------
[2025-12-31 18:23:01] 
  Files: N/A
  Input: {}
  Output: No output
--------------------------------------------------------------------------------
[2025-12-31 18:23:01] 
  Files: N/A
  Input: {}
  Output: No output
--------------------------------------------------------------------------------
[2025-12-31 18:23:01] 
  Files: N/A
  Input: {}
  Output: No output
--------------------------------------------------------------------------------
[2025-12-31 18:23:01] 
  Files: N/A
  Input: {}
  Output: No output
--------------------------------------------------------------------------------
[2025-12-31 18:23:01] 
  Files: N/A
  Input: {}
  Output: No output
--------------------------------------------------------------------------------
[2025-12-31 18:23:01] 
  Files: N/A
  Input: {}
  Output: No output
--------------------------------------------------------------------------------
[2025-12-31 18:23:02] 
  Files: N/A
  Input: {}
  Output: No output
--------------------------------------------------------------------------------
[2025-12-31 18:23:02] 
  Files: N/A
  Input: {}
  Output: No output
--------------------------------------------------------------------------------
[2025-12-31 18:23:02] 
  Files: N/A
  Input: {}
  Output: No output
--------------------------------------------------------------------------------
[2025-12-31 18:23:02] 
  Files: N/A
  Input: {}
  Output: No output
--------------------------------------------------------------------------------
[2025-12-31 18:23:03] 
  Files: N/A
  Input: {}
  Output: No output
--------------------------------------------------------------------------------
[2025-12-31 18:23:04] 
  Files: N/A
  Input: {}
  Output: No output
--------------------------------------------------------------------------------
[2025-12-31 18:23:18] 
  Files: N/A
  Input: {}
  Output: No output
--------------------------------------------------------------------------------
[2025-12-31 18:23:20] 
  Files: N/A
  Input: {}
  Output: No output
--------------------------------------------------------------------------------
[2025-12-31 18:23:40] 
  Files: N/A
  Input: {}
  Output: No output
--------------------------------------------------------------------------------
[2025-12-31 18:23:40] 
  Files: N/A
  Input: {}
  Output: No output
--------------------------------------------------------------------------------
[2025-12-31 18:23:40] 
  Files: N/A
  Input: {}
  Output: No output
--------------------------------------------------------------------------------
[2025-12-31 18:23:40] 
  Files: N/A
  Input: {}
  Output: No output
--------------------------------------------------------------------------------
[2025-12-31 18:23:40] 
  Files: N/A
  Input: {}
  Output: No output
--------------------------------------------------------------------------------
[2025-12-31 18:23:41] 
  Files: N/A
  Input: {}
  Output: No output
--------------------------------------------------------------------------------
[2025-12-31 18:23:41] 
  Files: N/A
  Input: {}
  Output: No output
--------------------------------------------------------------------------------
[2025-12-31 18:23:41] 
  Files: N/A
  Input: {}
  Output: No output
--------------------------------------------------------------------------------
[2025-12-31 18:23:41] 
  Files: N/A
  Input: {}
  Output: No output
--------------------------------------------------------------------------------
[2025-12-31 18:23:41] 
  Files: N/A
  Input: {}
  Output: No output
--------------------------------------------------------------------------------
[2025-12-31 18:23:43] 
  Files: N/A
  Input: {}
  Output: No output
--------------------------------------------------------------------------------
[2025-12-31 18:23:47] 
  Files: N/A
  Input: {}
  Output: No output
--------------------------------------------------------------------------------
[2025-12-31 18:24:00] 
  Files: N/A
  Input: {}
  Output: No output
--------------------------------------------------------------------------------
[2025-12-31 18:24:00] 
  Files: N/A
  Input: {}
  Output: No output
--------------------------------------------------------------------------------
[2025-12-31 18:24:00] 
  Files: N/A
  Input: {}
  Output: No output
--------------------------------------------------------------------------------
[2025-12-31 18:24:09] 
  Files: N/A
  Input: {}
  Output: No output
--------------------------------------------------------------------------------
[2025-12-31 18:24:09] 
  Files: N/A
  Input: {}
  Output: No output
--------------------------------------------------------------------------------
[2025-12-31 18:24:10] 
  Files: N/A
  Input: {}
  Output: No output
--------------------------------------------------------------------------------
[2025-12-31 18:24:10] 
  Files: N/A
  Input: {}
  Output: No output
--------------------------------------------------------------------------------
[2025-12-31 18:24:17] 
  Files: N/A
  Input: {}
  Output: No output
--------------------------------------------------------------------------------
[2025-12-31 18:24:17] 
  Files: N/A
  Input: {}
  Output: No output
--------------------------------------------------------------------------------
[2025-12-31 18:24:18] 
  Files: N/A
  Input: {}
  Output: No output
--------------------------------------------------------------------------------
[2025-12-31 18:24:27] 
  Files: N/A
  Input: {}
  Output: No output
--------------------------------------------------------------------------------
[2025-12-31 18:24:27] 
  Files: N/A
  Input: {}
  Output: No output
--------------------------------------------------------------------------------
[2025-12-31 18:24:34] 
  Files: N/A
  Input: {}
  Output: No output
--------------------------------------------------------------------------------
[2025-12-31 18:24:34] 
  Files: N/A
  Input: {}
  Output: No output
--------------------------------------------------------------------------------
[2025-12-31 18:24:34] 
  Files: N/A
  Input: {}
  Output: No output
--------------------------------------------------------------------------------
[2025-12-31 18:24:34] 
  Files: N/A
  Input: {}
  Output: No output
--------------------------------------------------------------------------------
[2025-12-31 18:24:41] 
  Files: N/A
  Input: {}
  Output: No output
--------------------------------------------------------------------------------
[2025-12-31 18:24:46] 
  Files: N/A
  Input: {}
  Output: No output
--------------------------------------------------------------------------------
[2025-12-31 18:24:46] 
  Files: N/A
  Input: {}
  Output: No output
--------------------------------------------------------------------------------
[2025-12-31 18:24:46] 
  Files: N/A
  Input: {}
  Output: No output
--------------------------------------------------------------------------------
[2025-12-31 18:24:47] 
  Files: N/A
  Input: {}
  Output: No output
--------------------------------------------------------------------------------
[2025-12-31 18:24:52] 
  Files: N/A
  Input: {}
  Output: No output
--------------------------------------------------------------------------------
[2025-12-31 18:24:53] 
  Files: N/A
  Input: {}
  Output: No output
--------------------------------------------------------------------------------
[2025-12-31 18:24:57] 
  Files: N/A
  Input: {}
  Output: No output
--------------------------------------------------------------------------------
[2025-12-31 18:24:59] 
  Files: N/A
  Input: {}
  Output: No output
--------------------------------------------------------------------------------
[2025-12-31 18:25:06] 
  Files: N/A
  Input: {}
  Output: No output
--------------------------------------------------------------------------------
[2025-12-31 18:25:11] 
  Files: N/A
  Input: {}
  Output: No output
--------------------------------------------------------------------------------
[2025-12-31 18:25:11] 
  Files: N/A
  Input: {}
  Output: No output
--------------------------------------------------------------------------------
[2025-12-31 18:25:12] 
  Files: N/A
  Input: {}
  Output: No output
--------------------------------------------------------------------------------
[2025-12-31 18:25:12] 
  Files: N/A
  Input: {}
  Output: No output
--------------------------------------------------------------------------------
[2025-12-31 18:25:20] 
  Files: N/A
  Input: {}
  Output: No output
--------------------------------------------------------------------------------
[2025-12-31 18:25:20] 
  Files: N/A
  Input: {}
  Output: No output
--------------------------------------------------------------------------------
[2025-12-31 18:25:27] 
  Files: N/A
  Input: {}
  Output: No output
--------------------------------------------------------------------------------
[2025-12-31 18:25:27] 
  Files: N/A
  Input: {}
  Output: No output
--------------------------------------------------------------------------------
[2025-12-31 18:25:27] 
  Files: N/A
  Input: {}
  Output: No output
--------------------------------------------------------------------------------
[2025-12-31 18:25:33] 
  Files: N/A
  Input: {}
  Output: No output
--------------------------------------------------------------------------------
[2025-12-31 18:25:58] 
  Files: N/A
  Input: {}
  Output: No output
--------------------------------------------------------------------------------
[2025-12-31 18:26:09] 
  Files: N/A
  Input: {}
  Output: No output
--------------------------------------------------------------------------------
[2025-12-31 18:26:09] 
  Files: N/A
  Input: {}
  Output: No output
--------------------------------------------------------------------------------
[2025-12-31 18:26:24] 
  Files: N/A
  Input: {}
  Output: No output
--------------------------------------------------------------------------------
[2025-12-31 18:26:33] 
  Files: N/A
  Input: {}
  Output: No output
--------------------------------------------------------------------------------
[2025-12-31 18:27:05] 
  Files: N/A
  Input: {}
  Output: No output
--------------------------------------------------------------------------------
[2025-12-31 18:27:16] 
  Files: N/A
  Input: {}
  Output: No output
--------------------------------------------------------------------------------
[2025-12-31 18:27:20] 
  Files: N/A
  Input: {}
  Output: No output
--------------------------------------------------------------------------------
[2025-12-31 18:27:20] 
  Files: N/A
  Input: {}
  Output: No output
--------------------------------------------------------------------------------
[2025-12-31 18:27:25] 
  Files: N/A
  Input: {}
  Output: No output
--------------------------------------------------------------------------------
[2025-12-31 18:27:29] 
  Files: N/A
  Input: {}
  Output: No output
--------------------------------------------------------------------------------
[2025-12-31 18:27:29] 
  Files: N/A
  Input: {}
  Output: No output
--------------------------------------------------------------------------------
[2025-12-31 18:27:34] 
  Files: N/A
  Input: {}
  Output: No output
--------------------------------------------------------------------------------
[2025-12-31 18:27:35] 
  Files: N/A
  Input: {}
  Output: No output
--------------------------------------------------------------------------------
[2025-12-31 18:27:41] 
  Files: N/A
  Input: {}
  Output: No output
--------------------------------------------------------------------------------
[2025-12-31 18:27:44] 
  Files: N/A
  Input: {}
  Output: No output
--------------------------------------------------------------------------------
[2025-12-31 18:27:44] 
  Files: N/A
  Input: {}
  Output: No output
--------------------------------------------------------------------------------
[2025-12-31 18:27:46] 
  Files: N/A
  Input: {}
  Output: No output
--------------------------------------------------------------------------------
[2025-12-31 18:27:46] 
  Files: N/A
  Input: {}
  Output: No output
--------------------------------------------------------------------------------
[2025-12-31 18:27:48] 
  Files: N/A
  Input: {}
  Output: No output
--------------------------------------------------------------------------------
[2025-12-31 18:27:53] 
  Files: N/A
  Input: {}
  Output: No output
--------------------------------------------------------------------------------
[2025-12-31 18:27:55] 
  Files: N/A
  Input: {}
  Output: No output
--------------------------------------------------------------------------------
[2025-12-31 18:28:04] 
  Files: N/A
  Input: {}
  Output: No output
--------------------------------------------------------------------------------
[2025-12-31 18:28:04] 
  Files: N/A
  Input: {}
  Output: No output
--------------------------------------------------------------------------------
[2025-12-31 18:28:05] 
  Files: N/A
  Input: {}
  Output: No output
--------------------------------------------------------------------------------
[2025-12-31 18:28:08] 
  Files: N/A
  Input: {}
  Output: No output
--------------------------------------------------------------------------------
[2025-12-31 18:28:12] 
  Files: N/A
  Input: {}
  Output: No output
--------------------------------------------------------------------------------
[2025-12-31 18:28:14] 
  Files: N/A
  Input: {}
  Output: No output
--------------------------------------------------------------------------------
[2025-12-31 18:28:18] 
  Files: N/A
  Input: {}
  Output: No output
--------------------------------------------------------------------------------
[2025-12-31 18:28:21] 
  Files: N/A
  Input: {}
  Output: No output
--------------------------------------------------------------------------------
[2025-12-31 18:28:33] 
  Files: N/A
  Input: {}
  Output: No output
--------------------------------------------------------------------------------
[2025-12-31 18:28:54] 
  Files: N/A
  Input: {}
  Output: No output
--------------------------------------------------------------------------------
[2025-12-31 18:28:55] 
  Files: N/A
  Input: {}
  Output: No output
--------------------------------------------------------------------------------
[2025-12-31 18:29:00] 
  Files: N/A
  Input: {}
  Output: No output
--------------------------------------------------------------------------------
[2025-12-31 18:29:04] 
  Files: N/A
  Input: {}
  Output: No output
--------------------------------------------------------------------------------
[2025-12-31 18:29:11] 
  Files: N/A
  Input: {}
  Output: No output
--------------------------------------------------------------------------------
[2025-12-31 18:29:11] 
  Files: N/A
  Input: {}
  Output: No output
--------------------------------------------------------------------------------
[2025-12-31 18:29:24] 
  Files: N/A
  Input: {}
  Output: No output
--------------------------------------------------------------------------------
[2025-12-31 18:29:32] 
  Files: N/A
  Input: {}
  Output: No output
--------------------------------------------------------------------------------
[2025-12-31 18:29:32] 
  Files: N/A
  Input: {}
  Output: No output
--------------------------------------------------------------------------------
[2025-12-31 18:29:36] 
  Files: N/A
  Input: {}
  Output: No output
--------------------------------------------------------------------------------
[2025-12-31 18:29:41] 
  Files: N/A
  Input: {}
  Output: No output
--------------------------------------------------------------------------------
[2025-12-31 18:29:45] 
  Files: N/A
  Input: {}
  Output: No output
--------------------------------------------------------------------------------
[2025-12-31 18:29:48] 
  Files: N/A
  Input: {}
  Output: No output
--------------------------------------------------------------------------------
[2025-12-31 18:29:54] 
  Files: N/A
  Input: {}
  Output: No output
--------------------------------------------------------------------------------
[2025-12-31 18:30:00] 
  Files: N/A
  Input: {}
  Output: No output
--------------------------------------------------------------------------------
[2025-12-31 18:30:05] 
  Files: N/A
  Input: {}
  Output: No output
--------------------------------------------------------------------------------
[2025-12-31 18:30:08] 
  Files: N/A
  Input: {}
  Output: No output
--------------------------------------------------------------------------------
[2025-12-31 18:30:23] 
  Files: N/A
  Input: {}
  Output: No output
--------------------------------------------------------------------------------
[2025-12-31 18:30:34] 
  Files: N/A
  Input: {}
  Output: No output
--------------------------------------------------------------------------------
[2025-12-31 18:30:45] 
  Files: N/A
  Input: {}
  Output: No output
--------------------------------------------------------------------------------
[2025-12-31 18:30:47] 
  Files: N/A
  Input: {}
  Output: No output
--------------------------------------------------------------------------------
[2025-12-31 18:30:57] 
  Files: N/A
  Input: {}
  Output: No output
--------------------------------------------------------------------------------
[2025-12-31 18:31:06] 
  Files: N/A
  Input: {}
  Output: No output
--------------------------------------------------------------------------------
[2025-12-31 18:31:12] 
  Files: N/A
  Input: {}
  Output: No output
--------------------------------------------------------------------------------
[2025-12-31 18:31:17] 
  Files: N/A
  Input: {}
  Output: No output
--------------------------------------------------------------------------------
[2025-12-31 18:31:19] 
  Files: N/A
  Input: {}
  Output: No output
--------------------------------------------------------------------------------
[2025-12-31 18:31:20] 
  Files: N/A
  Input: {}
  Output: No output
--------------------------------------------------------------------------------
[2025-12-31 18:31:24] 
  Files: N/A
  Input: {}
  Output: No output
--------------------------------------------------------------------------------
[2025-12-31 18:31:33] 
  Files: N/A
  Input: {}
  Output: No output
--------------------------------------------------------------------------------
[2025-12-31 18:31:38] 
  Files: N/A
  Input: {}
  Output: No output
--------------------------------------------------------------------------------
[2025-12-31 18:31:40] 
  Files: N/A
  Input: {}
  Output: No output
--------------------------------------------------------------------------------
[2025-12-31 18:31:45] 
  Files: N/A
  Input: {}
  Output: No output
--------------------------------------------------------------------------------
[2025-12-31 18:31:45] 
  Files: N/A
  Input: {}
  Output: No output
--------------------------------------------------------------------------------
[2025-12-31 18:31:48] 
  Files: N/A
  Input: {}
  Output: No output
--------------------------------------------------------------------------------
[2025-12-31 18:31:55] 
  Files: N/A
  Input: {}
  Output: No output
--------------------------------------------------------------------------------
[2025-12-31 18:31:58] 
  Files: N/A
  Input: {}
  Output: No output
--------------------------------------------------------------------------------
[2025-12-31 18:32:00] 
  Files: N/A
  Input: {}
  Output: No output
--------------------------------------------------------------------------------
[2025-12-31 18:32:04] 
  Files: N/A
  Input: {}
  Output: No output
--------------------------------------------------------------------------------
[2025-12-31 18:32:06] 
  Files: N/A
  Input: {}
  Output: No output
--------------------------------------------------------------------------------
[2025-12-31 18:32:10] 
  Files: N/A
  Input: {}
  Output: No output
--------------------------------------------------------------------------------
[2025-12-31 18:32:17] 
  Files: N/A
  Input: {}
  Output: No output
--------------------------------------------------------------------------------
[2025-12-31 18:32:18] 
  Files: N/A
  Input: {}
  Output: No output
--------------------------------------------------------------------------------
[2025-12-31 18:32:20] 
  Files: N/A
  Input: {}
  Output: No output
--------------------------------------------------------------------------------
[2025-12-31 18:32:25] 
  Files: N/A
  Input: {}
  Output: No output
--------------------------------------------------------------------------------
[2025-12-31 18:32:28] 
  Files: N/A
  Input: {}
  Output: No output
--------------------------------------------------------------------------------
[2025-12-31 18:32:28] 
  Files: N/A
  Input: {}
  Output: No output
--------------------------------------------------------------------------------
[2025-12-31 18:32:35] 
  Files: N/A
  Input: {}
  Output: No output
--------------------------------------------------------------------------------
[2025-12-31 18:32:37] 
  Files: N/A
  Input: {}
  Output: No output
--------------------------------------------------------------------------------
[2025-12-31 18:32:45] 
  Files: N/A
  Input: {}
  Output: No output
--------------------------------------------------------------------------------
[2025-12-31 18:32:45] 
  Files: N/A
  Input: {}
  Output: No output
--------------------------------------------------------------------------------
[2025-12-31 18:32:50] 
  Files: N/A
  Input: {}
  Output: No output
--------------------------------------------------------------------------------
[2025-12-31 18:32:50] 
  Files: N/A
  Input: {}
  Output: No output
--------------------------------------------------------------------------------
[2025-12-31 18:32:53] 
  Files: N/A
  Input: {}
  Output: No output
--------------------------------------------------------------------------------
[2025-12-31 18:32:53] 
  Files: N/A
  Input: {}
  Output: No output
--------------------------------------------------------------------------------
[2025-12-31 18:33:00] 
  Files: N/A
  Input: {}
  Output: No output
--------------------------------------------------------------------------------
[2025-12-31 18:33:00] 
  Files: N/A
  Input: {}
  Output: No output
--------------------------------------------------------------------------------
[2025-12-31 18:33:05] 
  Files: N/A
  Input: {}
  Output: No output
--------------------------------------------------------------------------------
[2025-12-31 18:33:05] 
  Files: N/A
  Input: {}
  Output: No output
--------------------------------------------------------------------------------
[2025-12-31 18:33:14] 
  Files: N/A
  Input: {}
  Output: No output
--------------------------------------------------------------------------------
[2025-12-31 18:33:17] 
  Files: N/A
  Input: {}
  Output: No output
--------------------------------------------------------------------------------
[2025-12-31 18:33:26] 
  Files: N/A
  Input: {}
  Output: No output
--------------------------------------------------------------------------------
[2025-12-31 18:33:37] 
  Files: N/A
  Input: {}
  Output: No output
--------------------------------------------------------------------------------
[2025-12-31 18:33:41] 
  Files: N/A
  Input: {}
  Output: No output
--------------------------------------------------------------------------------
[2025-12-31 18:33:41] 
  Files: N/A
  Input: {}
  Output: No output
--------------------------------------------------------------------------------
[2025-12-31 18:33:43] 
  Files: N/A
  Input: {}
  Output: No output
--------------------------------------------------------------------------------
[2025-12-31 18:33:48] 
  Files: N/A
  Input: {}
  Output: No output
--------------------------------------------------------------------------------
[2025-12-31 18:33:48] 
  Files: N/A
  Input: {}
  Output: No output
--------------------------------------------------------------------------------
[2025-12-31 18:33:52] 
  Files: N/A
  Input: {}
  Output: No output
--------------------------------------------------------------------------------
[2025-12-31 18:33:54] 
  Files: N/A
  Input: {}
  Output: No output
--------------------------------------------------------------------------------
[2025-12-31 18:33:58] 
  Files: N/A
  Input: {}
  Output: No output
--------------------------------------------------------------------------------
[2025-12-31 18:34:00] 
  Files: N/A
  Input: {}
  Output: No output
--------------------------------------------------------------------------------
[2025-12-31 18:34:03] 
  Files: N/A
  Input: {}
  Output: No output
--------------------------------------------------------------------------------
[2025-12-31 18:34:03] 
  Files: N/A
  Input: {}
  Output: No output
--------------------------------------------------------------------------------
[2025-12-31 18:34:05] 
  Files: N/A
  Input: {}
  Output: No output
--------------------------------------------------------------------------------
[2025-12-31 18:34:08] 
  Files: N/A
  Input: {}
  Output: No output
--------------------------------------------------------------------------------
[2025-12-31 18:34:15] 
  Files: N/A
  Input: {}
  Output: No output
--------------------------------------------------------------------------------
[2025-12-31 18:34:18] 
  Files: N/A
  Input: {}
  Output: No output
--------------------------------------------------------------------------------
[2025-12-31 18:34:19] 
  Files: N/A
  Input: {}
  Output: No output
--------------------------------------------------------------------------------
[2025-12-31 18:34:25] 
  Files: N/A
  Input: {}
  Output: No output
--------------------------------------------------------------------------------
[2025-12-31 18:34:27] 
  Files: N/A
  Input: {}
  Output: No output
--------------------------------------------------------------------------------
[2025-12-31 18:34:35] 
  Files: N/A
  Input: {}
  Output: No output
--------------------------------------------------------------------------------
[2025-12-31 18:34:36] 
  Files: N/A
  Input: {}
  Output: No output
--------------------------------------------------------------------------------
[2025-12-31 18:34:39] 
  Files: N/A
  Input: {}
  Output: No output
--------------------------------------------------------------------------------
[2025-12-31 18:34:39] 
  Files: N/A
  Input: {}
  Output: No output
--------------------------------------------------------------------------------
[2025-12-31 18:34:43] 
  Files: N/A
  Input: {}
  Output: No output
--------------------------------------------------------------------------------
[2025-12-31 18:34:46] 
  Files: N/A
  Input: {}
  Output: No output
--------------------------------------------------------------------------------
[2025-12-31 18:34:50] 
  Files: N/A
  Input: {}
  Output: No output
--------------------------------------------------------------------------------
[2025-12-31 18:34:50] 
  Files: N/A
  Input: {}
  Output: No output
--------------------------------------------------------------------------------
[2025-12-31 18:34:50] 
  Files: N/A
  Input: {}
  Output: No output
--------------------------------------------------------------------------------
[2025-12-31 18:34:54] 
  Files: N/A
  Input: {}
  Output: No output
--------------------------------------------------------------------------------
[2025-12-31 18:35:02] 
  Files: N/A
  Input: {}
  Output: No output
--------------------------------------------------------------------------------
[2025-12-31 18:35:03] 
  Files: N/A
  Input: {}
  Output: No output
--------------------------------------------------------------------------------
[2025-12-31 18:35:06] 
  Files: N/A
  Input: {}
  Output: No output
--------------------------------------------------------------------------------
[2025-12-31 18:35:10] 
  Files: N/A
  Input: {}
  Output: No output
--------------------------------------------------------------------------------
[2025-12-31 18:35:13] 
  Files: N/A
  Input: {}
  Output: No output
--------------------------------------------------------------------------------
[2025-12-31 18:35:17] 
  Files: N/A
  Input: {}
  Output: No output
--------------------------------------------------------------------------------
[2025-12-31 18:35:20] 
  Files: N/A
  Input: {}
  Output: No output
--------------------------------------------------------------------------------
[2025-12-31 18:35:21] 
  Files: N/A
  Input: {}
  Output: No output
--------------------------------------------------------------------------------
[2025-12-31 18:35:23] 
  Files: N/A
  Input: {}
  Output: No output
--------------------------------------------------------------------------------
[2025-12-31 18:35:25] 
  Files: N/A
  Input: {}
  Output: No output
--------------------------------------------------------------------------------
[2025-12-31 18:35:28] 
  Files: N/A
  Input: {}
  Output: No output
--------------------------------------------------------------------------------
[2025-12-31 18:35:29] 
  Files: N/A
  Input: {}
  Output: No output
--------------------------------------------------------------------------------
[2025-12-31 18:35:36] 
  Files: N/A
  Input: {}
  Output: No output
--------------------------------------------------------------------------------
[2025-12-31 18:35:38] 
  Files: N/A
  Input: {}
  Output: No output
--------------------------------------------------------------------------------
[2025-12-31 18:35:45] 
  Files: N/A
  Input: {}
  Output: No output
--------------------------------------------------------------------------------
[2025-12-31 18:35:54] 
  Files: N/A
  Input: {}
  Output: No output
--------------------------------------------------------------------------------
[2025-12-31 18:35:56] 
  Files: N/A
  Input: {}
  Output: No output
--------------------------------------------------------------------------------
[2025-12-31 18:35:58] 
  Files: N/A
  Input: {}
  Output: No output
--------------------------------------------------------------------------------
[2025-12-31 18:35:59] 
  Files: N/A
  Input: {}
  Output: No output
--------------------------------------------------------------------------------
[2025-12-31 18:36:01] 
  Files: N/A
  Input: {}
  Output: No output
--------------------------------------------------------------------------------
[2025-12-31 18:36:06] 
  Files: N/A
  Input: {}
  Output: No output
--------------------------------------------------------------------------------
[2025-12-31 18:36:12] 
  Files: N/A
  Input: {}
  Output: No output
--------------------------------------------------------------------------------
[2025-12-31 18:36:14] 
  Files: N/A
  Input: {}
  Output: No output
--------------------------------------------------------------------------------
[2025-12-31 18:36:14] 
  Files: N/A
  Input: {}
  Output: No output
--------------------------------------------------------------------------------
[2025-12-31 18:36:16] 
  Files: N/A
  Input: {}
  Output: No output
--------------------------------------------------------------------------------
[2025-12-31 18:36:20] 
  Files: N/A
  Input: {}
  Output: No output
--------------------------------------------------------------------------------
[2025-12-31 18:36:22] 
  Files: N/A
  Input: {}
  Output: No output
--------------------------------------------------------------------------------
[2025-12-31 18:36:30] 
  Files: N/A
  Input: {}
  Output: No output
--------------------------------------------------------------------------------
[2025-12-31 18:36:31] 
  Files: N/A
  Input: {}
  Output: No output
--------------------------------------------------------------------------------
[2025-12-31 18:36:34] 
  Files: N/A
  Input: {}
  Output: No output
--------------------------------------------------------------------------------
[2025-12-31 18:36:35] 
  Files: N/A
  Input: {}
  Output: No output
--------------------------------------------------------------------------------
[2025-12-31 18:36:39] 
  Files: N/A
  Input: {}
  Output: No output
--------------------------------------------------------------------------------
[2025-12-31 18:36:52] 
  Files: N/A
  Input: {}
  Output: No output
--------------------------------------------------------------------------------
[2025-12-31 18:37:00] 
  Files: N/A
  Input: {}
  Output: No output
--------------------------------------------------------------------------------
[2025-12-31 18:37:08] 
  Files: N/A
  Input: {}
  Output: No output
--------------------------------------------------------------------------------
[2025-12-31 18:37:18] 
  Files: N/A
  Input: {}
  Output: No output
--------------------------------------------------------------------------------
[2025-12-31 18:42:51] 
  Files: N/A
  Input: {}
  Output: No output
--------------------------------------------------------------------------------
[2025-12-31 18:42:52] 
  Files: N/A
  Input: {}
  Output: No output
--------------------------------------------------------------------------------
[2025-12-31 18:42:55] 
  Files: N/A
  Input: {}
  Output: No output
--------------------------------------------------------------------------------
[2025-12-31 18:42:55] 
  Files: N/A
  Input: {}
  Output: No output
--------------------------------------------------------------------------------
[2025-12-31 18:42:55] 
  Files: N/A
  Input: {}
  Output: No output
--------------------------------------------------------------------------------
[2025-12-31 18:42:55] 
  Files: N/A
  Input: {}
  Output: No output
--------------------------------------------------------------------------------
[2025-12-31 18:42:58] 
  Files: N/A
  Input: {}
  Output: No output
--------------------------------------------------------------------------------
[2025-12-31 18:42:58] 
  Files: N/A
  Input: {}
  Output: No output
--------------------------------------------------------------------------------
[2025-12-31 18:42:58] 
  Files: N/A
  Input: {}
  Output: No output
--------------------------------------------------------------------------------
[2025-12-31 18:42:59] 
  Files: N/A
  Input: {}
  Output: No output
--------------------------------------------------------------------------------
[2025-12-31 18:42:59] 
  Files: N/A
  Input: {}
  Output: No output
--------------------------------------------------------------------------------
[2025-12-31 18:42:59] 
  Files: N/A
  Input: {}
  Output: No output
--------------------------------------------------------------------------------
[2025-12-31 18:43:00] 
  Files: N/A
  Input: {}
  Output: No output
--------------------------------------------------------------------------------
[2025-12-31 18:43:01] 
  Files: N/A
  Input: {}
  Output: No output
--------------------------------------------------------------------------------
[2025-12-31 18:43:05] 
  Files: N/A
  Input: {}
  Output: No output
--------------------------------------------------------------------------------
[2025-12-31 18:43:38] 
  Files: N/A
  Input: {}
  Output: No output
--------------------------------------------------------------------------------
[2025-12-31 18:43:38] 
  Files: N/A
  Input: {}
  Output: No output
--------------------------------------------------------------------------------
[2025-12-31 18:43:39] 
  Files: N/A
  Input: {}
  Output: No output
--------------------------------------------------------------------------------
[2025-12-31 18:43:39] 
  Files: N/A
  Input: {}
  Output: No output
--------------------------------------------------------------------------------
[2025-12-31 18:43:39] 
  Files: N/A
  Input: {}
  Output: No output
--------------------------------------------------------------------------------
[2025-12-31 18:43:39] 
  Files: N/A
  Input: {}
  Output: No output
--------------------------------------------------------------------------------
[2025-12-31 18:43:39] 
  Files: N/A
  Input: {}
  Output: No output
--------------------------------------------------------------------------------
[2025-12-31 18:43:39] 
  Files: N/A
  Input: {}
  Output: No output
--------------------------------------------------------------------------------
[2025-12-31 18:43:40] 
  Files: N/A
  Input: {}
  Output: No output
--------------------------------------------------------------------------------
[2025-12-31 18:43:40] 
  Files: N/A
  Input: {}
  Output: No output
--------------------------------------------------------------------------------
[2025-12-31 18:43:40] 
  Files: N/A
  Input: {}
  Output: No output
--------------------------------------------------------------------------------
[2025-12-31 18:43:40] 
  Files: N/A
  Input: {}
  Output: No output
--------------------------------------------------------------------------------
[2025-12-31 18:43:40] 
  Files: N/A
  Input: {}
  Output: No output
--------------------------------------------------------------------------------
[2025-12-31 18:43:41] 
  Files: N/A
  Input: {}
  Output: No output
--------------------------------------------------------------------------------
[2025-12-31 18:43:43] 
  Files: N/A
  Input: {}
  Output: No output
--------------------------------------------------------------------------------
[2025-12-31 18:43:44] 
  Files: N/A
  Input: {}
  Output: No output
--------------------------------------------------------------------------------
[2025-12-31 18:43:54] 
  Files: N/A
  Input: {}
  Output: No output
--------------------------------------------------------------------------------
[2025-12-31 18:43:55] 
  Files: N/A
  Input: {}
  Output: No output
--------------------------------------------------------------------------------
[2025-12-31 18:43:56] 
  Files: N/A
  Input: {}
  Output: No output
--------------------------------------------------------------------------------
[2025-12-31 18:44:20] 
  Files: N/A
  Input: {}
  Output: No output
--------------------------------------------------------------------------------
[2025-12-31 18:44:21] 
  Files: N/A
  Input: {}
  Output: No output
--------------------------------------------------------------------------------
[2025-12-31 18:44:21] 
  Files: N/A
  Input: {}
  Output: No output
--------------------------------------------------------------------------------
[2025-12-31 18:44:21] 
  Files: N/A
  Input: {}
  Output: No output
--------------------------------------------------------------------------------
[2025-12-31 18:44:24] 
  Files: N/A
  Input: {}
  Output: No output
--------------------------------------------------------------------------------
[2025-12-31 18:44:28] 
  Files: N/A
  Input: {}
  Output: No output
--------------------------------------------------------------------------------
[2025-12-31 18:44:28] 
  Files: N/A
  Input: {}
  Output: No output
--------------------------------------------------------------------------------
[2025-12-31 18:44:28] 
  Files: N/A
  Input: {}
  Output: No output
--------------------------------------------------------------------------------
[2025-12-31 18:44:28] 
  Files: N/A
  Input: {}
  Output: No output
--------------------------------------------------------------------------------
[2025-12-31 18:44:28] 
  Files: N/A
  Input: {}
  Output: No output
--------------------------------------------------------------------------------
[2025-12-31 18:44:28] 
  Files: N/A
  Input: {}
  Output: No output
--------------------------------------------------------------------------------
[2025-12-31 18:44:28] 
  Files: N/A
  Input: {}
  Output: No output
--------------------------------------------------------------------------------
[2025-12-31 18:44:28] 
  Files: N/A
  Input: {}
  Output: No output
--------------------------------------------------------------------------------
[2025-12-31 18:44:28] 
  Files: N/A
  Input: {}
  Output: No output
--------------------------------------------------------------------------------
[2025-12-31 18:44:29] 
  Files: N/A
  Input: {}
  Output: No output
--------------------------------------------------------------------------------
[2025-12-31 18:44:30] 
  Files: N/A
  Input: {}
  Output: No output
--------------------------------------------------------------------------------
[2025-12-31 18:44:32] 
  Files: N/A
  Input: {}
  Output: No output
--------------------------------------------------------------------------------
[2025-12-31 18:44:32] 
  Files: N/A
  Input: {}
  Output: No output
--------------------------------------------------------------------------------
[2025-12-31 18:44:32] 
  Files: N/A
  Input: {}
  Output: No output
--------------------------------------------------------------------------------
[2025-12-31 18:44:44] 
  Files: N/A
  Input: {}
  Output: No output
--------------------------------------------------------------------------------
[2025-12-31 18:44:45] 
  Files: N/A
  Input: {}
  Output: No output
--------------------------------------------------------------------------------
[2025-12-31 18:44:46] 
  Files: N/A
  Input: {}
  Output: No output
--------------------------------------------------------------------------------
[2025-12-31 18:44:47] 
  Files: N/A
  Input: {}
  Output: No output
--------------------------------------------------------------------------------
[2025-12-31 18:44:49] 
  Files: N/A
  Input: {}
  Output: No output
--------------------------------------------------------------------------------
[2025-12-31 18:45:25] 
  Files: N/A
  Input: {}
  Output: No output
--------------------------------------------------------------------------------
[2025-12-31 18:45:25] 
  Files: N/A
  Input: {}
  Output: No output
--------------------------------------------------------------------------------
[2025-12-31 18:45:25] 
  Files: N/A
  Input: {}
  Output: No output
--------------------------------------------------------------------------------
[2025-12-31 18:45:25] 
  Files: N/A
  Input: {}
  Output: No output
--------------------------------------------------------------------------------
[2025-12-31 18:45:25] 
  Files: N/A
  Input: {}
  Output: No output
--------------------------------------------------------------------------------
[2025-12-31 18:45:25] 
  Files: N/A
  Input: {}
  Output: No output
--------------------------------------------------------------------------------
[2025-12-31 18:45:25] 
  Files: N/A
  Input: {}
  Output: No output
--------------------------------------------------------------------------------
[2025-12-31 18:45:25] 
  Files: N/A
  Input: {}
  Output: No output
--------------------------------------------------------------------------------
[2025-12-31 18:45:25] 
  Files: N/A
  Input: {}
  Output: No output
--------------------------------------------------------------------------------
[2025-12-31 18:45:25] 
  Files: N/A
  Input: {}
  Output: No output
--------------------------------------------------------------------------------
[2025-12-31 18:45:25] 
  Files: N/A
  Input: {}
  Output: No output
--------------------------------------------------------------------------------
[2025-12-31 18:45:26] 
  Files: N/A
  Input: {}
  Output: No output
--------------------------------------------------------------------------------
[2025-12-31 18:45:26] 
  Files: N/A
  Input: {}
  Output: No output
--------------------------------------------------------------------------------
[2025-12-31 18:45:26] 
  Files: N/A
  Input: {}
  Output: No output
--------------------------------------------------------------------------------
[2025-12-31 18:45:26] 
  Files: N/A
  Input: {}
  Output: No output
--------------------------------------------------------------------------------
[2025-12-31 18:45:26] 
  Files: N/A
  Input: {}
  Output: No output
--------------------------------------------------------------------------------
[2025-12-31 18:45:26] 
  Files: N/A
  Input: {}
  Output: No output
--------------------------------------------------------------------------------
[2025-12-31 18:45:26] 
  Files: N/A
  Input: {}
  Output: No output
--------------------------------------------------------------------------------
[2025-12-31 18:45:42] 
  Files: N/A
  Input: {}
  Output: No output
--------------------------------------------------------------------------------
[2025-12-31 18:45:42] 
  Files: N/A
  Input: {}
  Output: No output
--------------------------------------------------------------------------------
[2025-12-31 18:45:44] 
  Files: N/A
  Input: {}
  Output: No output
--------------------------------------------------------------------------------
[2025-12-31 18:45:47] 
  Files: N/A
  Input: {}
  Output: No output
--------------------------------------------------------------------------------
[2025-12-31 18:45:48] 
  Files: N/A
  Input: {}
  Output: No output
--------------------------------------------------------------------------------
[2025-12-31 18:45:57] 
  Files: N/A
  Input: {}
  Output: No output
--------------------------------------------------------------------------------
[2025-12-31 18:46:09] 
  Files: N/A
  Input: {}
  Output: No output
--------------------------------------------------------------------------------
[2025-12-31 18:46:09] 
  Files: N/A
  Input: {}
  Output: No output
--------------------------------------------------------------------------------
[2025-12-31 18:46:10] 
  Files: N/A
  Input: {}
  Output: No output
--------------------------------------------------------------------------------
[2025-12-31 18:46:10] 
  Files: N/A
  Input: {}
  Output: No output
--------------------------------------------------------------------------------
[2025-12-31 18:46:10] 
  Files: N/A
  Input: {}
  Output: No output
--------------------------------------------------------------------------------
[2025-12-31 18:46:10] 
  Files: N/A
  Input: {}
  Output: No output
--------------------------------------------------------------------------------
[2025-12-31 18:46:10] 
  Files: N/A
  Input: {}
  Output: No output
--------------------------------------------------------------------------------
[2025-12-31 18:46:10] 
  Files: N/A
  Input: {}
  Output: No output
--------------------------------------------------------------------------------
[2025-12-31 18:46:10] 
  Files: N/A
  Input: {}
  Output: No output
--------------------------------------------------------------------------------
[2025-12-31 18:46:11] 
  Files: N/A
  Input: {}
  Output: No output
--------------------------------------------------------------------------------
[2025-12-31 18:46:11] 
  Files: N/A
  Input: {}
  Output: No output
--------------------------------------------------------------------------------
[2025-12-31 18:46:11] 
  Files: N/A
  Input: {}
  Output: No output
--------------------------------------------------------------------------------
[2025-12-31 18:46:11] 
  Files: N/A
  Input: {}
  Output: No output
--------------------------------------------------------------------------------
[2025-12-31 18:46:18] 
  Files: N/A
  Input: {}
  Output: No output
--------------------------------------------------------------------------------
[2025-12-31 18:46:18] 
  Files: N/A
  Input: {}
  Output: No output
--------------------------------------------------------------------------------
[2025-12-31 18:46:19] 
  Files: N/A
  Input: {}
  Output: No output
--------------------------------------------------------------------------------
[2025-12-31 18:46:22] 
  Files: N/A
  Input: {}
  Output: No output
--------------------------------------------------------------------------------
[2025-12-31 18:46:36] 
  Files: N/A
  Input: {}
  Output: No output
--------------------------------------------------------------------------------
[2025-12-31 18:46:38] 
  Files: N/A
  Input: {}
  Output: No output
--------------------------------------------------------------------------------
[2025-12-31 18:46:38] 
  Files: N/A
  Input: {}
  Output: No output
--------------------------------------------------------------------------------
[2025-12-31 18:46:38] 
  Files: N/A
  Input: {}
  Output: No output
--------------------------------------------------------------------------------
[2025-12-31 18:46:38] 
  Files: N/A
  Input: {}
  Output: No output
--------------------------------------------------------------------------------
[2025-12-31 18:46:41] 
  Files: N/A
  Input: {}
  Output: No output
--------------------------------------------------------------------------------
[2025-12-31 18:46:54] 
  Files: N/A
  Input: {}
  Output: No output
--------------------------------------------------------------------------------
[2025-12-31 18:46:54] 
  Files: N/A
  Input: {}
  Output: No output
--------------------------------------------------------------------------------
[2025-12-31 18:46:54] 
  Files: N/A
  Input: {}
  Output: No output
--------------------------------------------------------------------------------
[2025-12-31 18:47:00] 
  Files: N/A
  Input: {}
  Output: No output
--------------------------------------------------------------------------------
[2025-12-31 18:47:00] 
  Files: N/A
  Input: {}
  Output: No output
--------------------------------------------------------------------------------
[2025-12-31 18:47:10] 
  Files: N/A
  Input: {}
  Output: No output
--------------------------------------------------------------------------------
[2025-12-31 18:47:16] 
  Files: N/A
  Input: {}
  Output: No output
--------------------------------------------------------------------------------
[2025-12-31 18:47:16] 
  Files: N/A
  Input: {}
  Output: No output
--------------------------------------------------------------------------------
[2025-12-31 18:47:19] 
  Files: N/A
  Input: {}
  Output: No output
--------------------------------------------------------------------------------
[2025-12-31 18:47:25] 
  Files: N/A
  Input: {}
  Output: No output
--------------------------------------------------------------------------------
[2025-12-31 18:47:25] 
  Files: N/A
  Input: {}
  Output: No output
--------------------------------------------------------------------------------
[2025-12-31 18:47:31] 
  Files: N/A
  Input: {}
  Output: No output
--------------------------------------------------------------------------------
[2025-12-31 18:47:31] 
  Files: N/A
  Input: {}
  Output: No output
--------------------------------------------------------------------------------
[2025-12-31 18:47:31] 
  Files: N/A
  Input: {}
  Output: No output
--------------------------------------------------------------------------------
[2025-12-31 18:47:33] 
  Files: N/A
  Input: {}
  Output: No output
--------------------------------------------------------------------------------
[2025-12-31 18:47:39] 
  Files: N/A
  Input: {}
  Output: No output
--------------------------------------------------------------------------------
[2025-12-31 18:47:40] 
  Files: N/A
  Input: {}
  Output: No output
--------------------------------------------------------------------------------
[2025-12-31 18:47:47] 
  Files: N/A
  Input: {}
  Output: No output
--------------------------------------------------------------------------------
[2025-12-31 18:47:49] 
  Files: N/A
  Input: {}
  Output: No output
--------------------------------------------------------------------------------
[2025-12-31 18:47:51] 
  Files: N/A
  Input: {}
  Output: No output
--------------------------------------------------------------------------------
[2025-12-31 18:48:02] 
  Files: N/A
  Input: {}
  Output: No output
--------------------------------------------------------------------------------
[2025-12-31 18:48:02] 
  Files: N/A
  Input: {}
  Output: No output
--------------------------------------------------------------------------------
[2025-12-31 18:48:08] 
  Files: N/A
  Input: {}
  Output: No output
--------------------------------------------------------------------------------
[2025-12-31 18:48:13] 
  Files: N/A
  Input: {}
  Output: No output
--------------------------------------------------------------------------------
[2025-12-31 18:48:20] 
  Files: N/A
  Input: {}
  Output: No output
--------------------------------------------------------------------------------
[2025-12-31 18:48:26] 
  Files: N/A
  Input: {}
  Output: No output
--------------------------------------------------------------------------------
[2025-12-31 18:48:35] 
  Files: N/A
  Input: {}
  Output: No output
--------------------------------------------------------------------------------
[2025-12-31 18:48:40] 
  Files: N/A
  Input: {}
  Output: No output
--------------------------------------------------------------------------------
[2025-12-31 18:48:41] 
  Files: N/A
  Input: {}
  Output: No output
--------------------------------------------------------------------------------
[2025-12-31 18:48:42] 
  Files: N/A
  Input: {}
  Output: No output
--------------------------------------------------------------------------------
[2025-12-31 18:48:44] 
  Files: N/A
  Input: {}
  Output: No output
--------------------------------------------------------------------------------
[2025-12-31 18:48:46] 
  Files: N/A
  Input: {}
  Output: No output
--------------------------------------------------------------------------------
[2025-12-31 18:48:49] 
  Files: N/A
  Input: {}
  Output: No output
--------------------------------------------------------------------------------
[2025-12-31 18:49:15] 
  Files: N/A
  Input: {}
  Output: No output
--------------------------------------------------------------------------------
[2025-12-31 18:49:15] 
  Files: N/A
  Input: {}
  Output: No output
--------------------------------------------------------------------------------
[2025-12-31 18:49:23] 
  Files: N/A
  Input: {}
  Output: No output
--------------------------------------------------------------------------------
[2025-12-31 18:49:33] 
  Files: N/A
  Input: {}
  Output: No output
--------------------------------------------------------------------------------
[2025-12-31 18:49:38] 
  Files: N/A
  Input: {}
  Output: No output
--------------------------------------------------------------------------------
[2025-12-31 18:49:41] 
  Files: N/A
  Input: {}
  Output: No output
--------------------------------------------------------------------------------
[2025-12-31 18:49:43] 
  Files: N/A
  Input: {}
  Output: No output
--------------------------------------------------------------------------------
[2025-12-31 18:49:45] 
  Files: N/A
  Input: {}
  Output: No output
--------------------------------------------------------------------------------
[2025-12-31 18:49:49] 
  Files: N/A
  Input: {}
  Output: No output
--------------------------------------------------------------------------------
[2025-12-31 18:49:54] 
  Files: N/A
  Input: {}
  Output: No output
--------------------------------------------------------------------------------
[2025-12-31 18:49:57] 
  Files: N/A
  Input: {}
  Output: No output
--------------------------------------------------------------------------------
[2025-12-31 18:50:02] 
  Files: N/A
  Input: {}
  Output: No output
--------------------------------------------------------------------------------
[2025-12-31 18:50:02] 
  Files: N/A
  Input: {}
  Output: No output
--------------------------------------------------------------------------------
[2025-12-31 18:50:06] 
  Files: N/A
  Input: {}
  Output: No output
--------------------------------------------------------------------------------
[2025-12-31 18:50:12] 
  Files: N/A
  Input: {}
  Output: No output
--------------------------------------------------------------------------------
[2025-12-31 18:50:16] 
  Files: N/A
  Input: {}
  Output: No output
--------------------------------------------------------------------------------
[2025-12-31 18:50:17] 
  Files: N/A
  Input: {}
  Output: No output
--------------------------------------------------------------------------------
[2025-12-31 18:50:33] 
  Files: N/A
  Input: {}
  Output: No output
--------------------------------------------------------------------------------
[2025-12-31 18:51:01] 
  Files: N/A
  Input: {}
  Output: No output
--------------------------------------------------------------------------------
[2025-12-31 18:51:11] 
  Files: N/A
  Input: {}
  Output: No output
--------------------------------------------------------------------------------
[2025-12-31 18:51:13] 
  Files: N/A
  Input: {}
  Output: No output
--------------------------------------------------------------------------------
[2025-12-31 18:51:16] 
  Files: N/A
  Input: {}
  Output: No output
--------------------------------------------------------------------------------
[2025-12-31 18:51:23] 
  Files: N/A
  Input: {}
  Output: No output
--------------------------------------------------------------------------------
[2025-12-31 18:51:23] 
  Files: N/A
  Input: {}
  Output: No output
--------------------------------------------------------------------------------
[2025-12-31 18:51:30] 
  Files: N/A
  Input: {}
  Output: No output
--------------------------------------------------------------------------------
[2025-12-31 18:51:33] 
  Files: N/A
  Input: {}
  Output: No output
--------------------------------------------------------------------------------
[2025-12-31 18:51:36] 
  Files: N/A
  Input: {}
  Output: No output
--------------------------------------------------------------------------------
[2025-12-31 18:51:36] 
  Files: N/A
  Input: {}
  Output: No output
--------------------------------------------------------------------------------
[2025-12-31 18:51:41] 
  Files: N/A
  Input: {}
  Output: No output
--------------------------------------------------------------------------------
[2025-12-31 18:51:48] 
  Files: N/A
  Input: {}
  Output: No output
--------------------------------------------------------------------------------
[2025-12-31 18:51:48] 
  Files: N/A
  Input: {}
  Output: No output
--------------------------------------------------------------------------------
[2025-12-31 18:51:49] 
  Files: N/A
  Input: {}
  Output: No output
--------------------------------------------------------------------------------
[2025-12-31 18:51:51] 
  Files: N/A
  Input: {}
  Output: No output
--------------------------------------------------------------------------------
[2025-12-31 18:51:53] 
  Files: N/A
  Input: {}
  Output: No output
--------------------------------------------------------------------------------
[2025-12-31 18:52:08] 
  Files: N/A
  Input: {}
  Output: No output
--------------------------------------------------------------------------------
[2025-12-31 18:52:22] 
  Files: N/A
  Input: {}
  Output: No output
--------------------------------------------------------------------------------
[2025-12-31 18:52:23] 
  Files: N/A
  Input: {}
  Output: No output
--------------------------------------------------------------------------------
[2025-12-31 18:52:23] 
  Files: N/A
  Input: {}
  Output: No output
--------------------------------------------------------------------------------
[2025-12-31 18:52:29] 
  Files: N/A
  Input: {}
  Output: No output
--------------------------------------------------------------------------------
[2025-12-31 18:52:29] 
  Files: N/A
  Input: {}
  Output: No output
--------------------------------------------------------------------------------
[2025-12-31 18:52:33] 
  Files: N/A
  Input: {}
  Output: No output
--------------------------------------------------------------------------------
[2025-12-31 18:52:34] 
  Files: N/A
  Input: {}
  Output: No output
--------------------------------------------------------------------------------
[2025-12-31 18:52:38] 
  Files: N/A
  Input: {}
  Output: No output
--------------------------------------------------------------------------------
[2025-12-31 18:52:39] 
  Files: N/A
  Input: {}
  Output: No output
--------------------------------------------------------------------------------
[2025-12-31 18:52:43] 
  Files: N/A
  Input: {}
  Output: No output
--------------------------------------------------------------------------------
[2025-12-31 18:52:46] 
  Files: N/A
  Input: {}
  Output: No output
--------------------------------------------------------------------------------
[2025-12-31 18:52:51] 
  Files: N/A
  Input: {}
  Output: No output
--------------------------------------------------------------------------------
[2025-12-31 18:52:52] 
  Files: N/A
  Input: {}
  Output: No output
--------------------------------------------------------------------------------
[2025-12-31 18:52:52] 
  Files: N/A
  Input: {}
  Output: No output
--------------------------------------------------------------------------------
[2025-12-31 18:52:53] 
  Files: N/A
  Input: {}
  Output: No output
--------------------------------------------------------------------------------
[2025-12-31 18:52:58] 
  Files: N/A
  Input: {}
  Output: No output
--------------------------------------------------------------------------------
[2025-12-31 18:52:59] 
  Files: N/A
  Input: {}
  Output: No output
--------------------------------------------------------------------------------
[2025-12-31 18:53:10] 
  Files: N/A
  Input: {}
  Output: No output
--------------------------------------------------------------------------------
[2025-12-31 18:53:10] 
  Files: N/A
  Input: {}
  Output: No output
--------------------------------------------------------------------------------
[2025-12-31 18:53:17] 
  Files: N/A
  Input: {}
  Output: No output
--------------------------------------------------------------------------------
[2025-12-31 18:53:19] 
  Files: N/A
  Input: {}
  Output: No output
--------------------------------------------------------------------------------
[2025-12-31 18:53:22] 
  Files: N/A
  Input: {}
  Output: No output
--------------------------------------------------------------------------------
[2025-12-31 18:53:27] 
  Files: N/A
  Input: {}
  Output: No output
--------------------------------------------------------------------------------
[2025-12-31 18:53:30] 
  Files: N/A
  Input: {}
  Output: No output
--------------------------------------------------------------------------------
[2025-12-31 18:53:34] 
  Files: N/A
  Input: {}
  Output: No output
--------------------------------------------------------------------------------
[2025-12-31 18:53:38] 
  Files: N/A
  Input: {}
  Output: No output
--------------------------------------------------------------------------------
[2025-12-31 18:53:44] 
  Files: N/A
  Input: {}
  Output: No output
--------------------------------------------------------------------------------
[2025-12-31 18:53:46] 
  Files: N/A
  Input: {}
  Output: No output
--------------------------------------------------------------------------------
[2025-12-31 18:53:49] 
  Files: N/A
  Input: {}
  Output: No output
--------------------------------------------------------------------------------
[2025-12-31 18:53:49] 
  Files: N/A
  Input: {}
  Output: No output
--------------------------------------------------------------------------------
[2025-12-31 18:53:49] 
  Files: N/A
  Input: {}
  Output: No output
--------------------------------------------------------------------------------
[2025-12-31 18:53:54] 
  Files: N/A
  Input: {}
  Output: No output
--------------------------------------------------------------------------------
[2025-12-31 18:53:58] 
  Files: N/A
  Input: {}
  Output: No output
--------------------------------------------------------------------------------
[2025-12-31 18:54:01] 
  Files: N/A
  Input: {}
  Output: No output
--------------------------------------------------------------------------------
[2025-12-31 18:54:06] 
  Files: N/A
  Input: {}
  Output: No output
--------------------------------------------------------------------------------
[2025-12-31 18:54:12] 
  Files: N/A
  Input: {}
  Output: No output
--------------------------------------------------------------------------------
[2025-12-31 18:54:13] 
  Files: N/A
  Input: {}
  Output: No output
--------------------------------------------------------------------------------
[2025-12-31 18:54:13] 
  Files: N/A
  Input: {}
  Output: No output
--------------------------------------------------------------------------------
[2025-12-31 18:54:14] 
  Files: N/A
  Input: {}
  Output: No output
--------------------------------------------------------------------------------
[2025-12-31 18:54:17] 
  Files: N/A
  Input: {}
  Output: No output
--------------------------------------------------------------------------------
[2025-12-31 18:54:20] 
  Files: N/A
  Input: {}
  Output: No output
--------------------------------------------------------------------------------
[2025-12-31 18:54:21] 
  Files: N/A
  Input: {}
  Output: No output
--------------------------------------------------------------------------------
[2025-12-31 18:54:22] 
  Files: N/A
  Input: {}
  Output: No output
--------------------------------------------------------------------------------
[2025-12-31 18:54:22] 
  Files: N/A
  Input: {}
  Output: No output
--------------------------------------------------------------------------------
[2025-12-31 18:54:26] 
  Files: N/A
  Input: {}
  Output: No output
--------------------------------------------------------------------------------
[2025-12-31 18:54:34] 
  Files: N/A
  Input: {}
  Output: No output
--------------------------------------------------------------------------------
[2025-12-31 18:54:38] 
  Files: N/A
  Input: {}
  Output: No output
--------------------------------------------------------------------------------
[2025-12-31 18:54:43] 
  Files: N/A
  Input: {}
  Output: No output
--------------------------------------------------------------------------------
[2025-12-31 18:54:43] 
  Files: N/A
  Input: {}
  Output: No output
--------------------------------------------------------------------------------
[2025-12-31 18:54:59] 
  Files: N/A
  Input: {}
  Output: No output
--------------------------------------------------------------------------------
[2025-12-31 18:55:00] 
  Files: N/A
  Input: {}
  Output: No output
--------------------------------------------------------------------------------
[2025-12-31 18:55:03] 
  Files: N/A
  Input: {}
  Output: No output
--------------------------------------------------------------------------------
[2025-12-31 18:55:05] 
  Files: N/A
  Input: {}
  Output: No output
--------------------------------------------------------------------------------
[2025-12-31 18:55:06] 
  Files: N/A
  Input: {}
  Output: No output
--------------------------------------------------------------------------------
[2025-12-31 18:55:15] 
  Files: N/A
  Input: {}
  Output: No output
--------------------------------------------------------------------------------
[2025-12-31 18:55:17] 
  Files: N/A
  Input: {}
  Output: No output
--------------------------------------------------------------------------------
[2025-12-31 18:55:19] 
  Files: N/A
  Input: {}
  Output: No output
--------------------------------------------------------------------------------
[2025-12-31 18:55:22] 
  Files: N/A
  Input: {}
  Output: No output
--------------------------------------------------------------------------------
[2025-12-31 18:55:23] 
  Files: N/A
  Input: {}
  Output: No output
--------------------------------------------------------------------------------
[2025-12-31 18:55:29] 
  Files: N/A
  Input: {}
  Output: No output
--------------------------------------------------------------------------------
[2025-12-31 18:55:30] 
  Files: N/A
  Input: {}
  Output: No output
--------------------------------------------------------------------------------
[2025-12-31 18:55:30] 
  Files: N/A
  Input: {}
  Output: No output
--------------------------------------------------------------------------------
[2025-12-31 18:55:32] 
  Files: N/A
  Input: {}
  Output: No output
--------------------------------------------------------------------------------
[2025-12-31 18:55:36] 
  Files: N/A
  Input: {}
  Output: No output
--------------------------------------------------------------------------------
[2025-12-31 18:55:42] 
  Files: N/A
  Input: {}
  Output: No output
--------------------------------------------------------------------------------
[2025-12-31 18:55:43] 
  Files: N/A
  Input: {}
  Output: No output
--------------------------------------------------------------------------------
[2025-12-31 18:55:47] 
  Files: N/A
  Input: {}
  Output: No output
--------------------------------------------------------------------------------
[2025-12-31 18:55:49] 
  Files: N/A
  Input: {}
  Output: No output
--------------------------------------------------------------------------------
[2025-12-31 18:55:56] 
  Files: N/A
  Input: {}
  Output: No output
--------------------------------------------------------------------------------
[2025-12-31 18:55:57] 
  Files: N/A
  Input: {}
  Output: No output
--------------------------------------------------------------------------------
[2025-12-31 18:55:59] 
  Files: N/A
  Input: {}
  Output: No output
--------------------------------------------------------------------------------
[2025-12-31 18:56:04] 
  Files: N/A
  Input: {}
  Output: No output
--------------------------------------------------------------------------------
[2025-12-31 18:56:08] 
  Files: N/A
  Input: {}
  Output: No output
--------------------------------------------------------------------------------
[2025-12-31 18:56:15] 
  Files: N/A
  Input: {}
  Output: No output
--------------------------------------------------------------------------------
[2025-12-31 18:56:16] 
  Files: N/A
  Input: {}
  Output: No output
--------------------------------------------------------------------------------
[2025-12-31 18:56:21] 
  Files: N/A
  Input: {}
  Output: No output
--------------------------------------------------------------------------------
[2025-12-31 18:56:22] 
  Files: N/A
  Input: {}
  Output: No output
--------------------------------------------------------------------------------
[2025-12-31 18:56:24] 
  Files: N/A
  Input: {}
  Output: No output
--------------------------------------------------------------------------------
[2025-12-31 18:56:26] 
  Files: N/A
  Input: {}
  Output: No output
--------------------------------------------------------------------------------
[2025-12-31 18:56:32] 
  Files: N/A
  Input: {}
  Output: No output
--------------------------------------------------------------------------------
[2025-12-31 18:56:32] 
  Files: N/A
  Input: {}
  Output: No output
--------------------------------------------------------------------------------
[2025-12-31 18:56:35] 
  Files: N/A
  Input: {}
  Output: No output
--------------------------------------------------------------------------------
[2025-12-31 18:56:45] 
  Files: N/A
  Input: {}
  Output: No output
--------------------------------------------------------------------------------
[2025-12-31 18:56:48] 
  Files: N/A
  Input: {}
  Output: No output
--------------------------------------------------------------------------------
[2025-12-31 18:56:48] 
  Files: N/A
  Input: {}
  Output: No output
--------------------------------------------------------------------------------
[2025-12-31 18:56:48] 
  Files: N/A
  Input: {}
  Output: No output
--------------------------------------------------------------------------------
[2025-12-31 18:57:00] 
  Files: N/A
  Input: {}
  Output: No output
--------------------------------------------------------------------------------
[2025-12-31 18:57:05] 
  Files: N/A
  Input: {}
  Output: No output
--------------------------------------------------------------------------------
[2025-12-31 18:57:08] 
  Files: N/A
  Input: {}
  Output: No output
--------------------------------------------------------------------------------
[2025-12-31 18:57:08] 
  Files: N/A
  Input: {}
  Output: No output
--------------------------------------------------------------------------------
[2025-12-31 18:57:10] 
  Files: N/A
  Input: {}
  Output: No output
--------------------------------------------------------------------------------
[2025-12-31 18:57:14] 
  Files: N/A
  Input: {}
  Output: No output
--------------------------------------------------------------------------------
[2025-12-31 18:57:15] 
  Files: N/A
  Input: {}
  Output: No output
--------------------------------------------------------------------------------
[2025-12-31 18:57:20] 
  Files: N/A
  Input: {}
  Output: No output
--------------------------------------------------------------------------------
[2025-12-31 18:57:21] 
  Files: N/A
  Input: {}
  Output: No output
--------------------------------------------------------------------------------
[2025-12-31 18:57:27] 
  Files: N/A
  Input: {}
  Output: No output
--------------------------------------------------------------------------------
[2025-12-31 18:57:28] 
  Files: N/A
  Input: {}
  Output: No output
--------------------------------------------------------------------------------
[2025-12-31 18:57:29] 
  Files: N/A
  Input: {}
  Output: No output
--------------------------------------------------------------------------------
[2025-12-31 18:57:34] 
  Files: N/A
  Input: {}
  Output: No output
--------------------------------------------------------------------------------
[2025-12-31 18:57:36] 
  Files: N/A
  Input: {}
  Output: No output
--------------------------------------------------------------------------------
[2025-12-31 18:57:36] 
  Files: N/A
  Input: {}
  Output: No output
--------------------------------------------------------------------------------
[2025-12-31 18:57:42] 
  Files: N/A
  Input: {}
  Output: No output
--------------------------------------------------------------------------------
[2025-12-31 18:57:43] 
  Files: N/A
  Input: {}
  Output: No output
--------------------------------------------------------------------------------
[2025-12-31 18:57:43] 
  Files: N/A
  Input: {}
  Output: No output
--------------------------------------------------------------------------------
[2025-12-31 18:57:50] 
  Files: N/A
  Input: {}
  Output: No output
--------------------------------------------------------------------------------
[2025-12-31 18:57:51] 
  Files: N/A
  Input: {}
  Output: No output
--------------------------------------------------------------------------------
[2025-12-31 18:57:56] 
  Files: N/A
  Input: {}
  Output: No output
--------------------------------------------------------------------------------
[2025-12-31 18:57:56] 
  Files: N/A
  Input: {}
  Output: No output
--------------------------------------------------------------------------------
[2025-12-31 18:57:57] 
  Files: N/A
  Input: {}
  Output: No output
--------------------------------------------------------------------------------
[2025-12-31 18:58:05] 
  Files: N/A
  Input: {}
  Output: No output
--------------------------------------------------------------------------------
[2025-12-31 18:58:05] 
  Files: N/A
  Input: {}
  Output: No output
--------------------------------------------------------------------------------
[2025-12-31 18:58:06] 
  Files: N/A
  Input: {}
  Output: No output
--------------------------------------------------------------------------------
[2025-12-31 18:58:09] 
  Files: N/A
  Input: {}
  Output: No output
--------------------------------------------------------------------------------
[2025-12-31 18:58:11] 
  Files: N/A
  Input: {}
  Output: No output
--------------------------------------------------------------------------------
[2025-12-31 18:58:13] 
  Files: N/A
  Input: {}
  Output: No output
--------------------------------------------------------------------------------
[2025-12-31 18:58:16] 
  Files: N/A
  Input: {}
  Output: No output
--------------------------------------------------------------------------------
[2025-12-31 18:58:22] 
  Files: N/A
  Input: {}
  Output: No output
--------------------------------------------------------------------------------
[2025-12-31 18:58:23] 
  Files: N/A
  Input: {}
  Output: No output
--------------------------------------------------------------------------------
[2025-12-31 18:58:23] 
  Files: N/A
  Input: {}
  Output: No output
--------------------------------------------------------------------------------
[2025-12-31 18:58:29] 
  Files: N/A
  Input: {}
  Output: No output
--------------------------------------------------------------------------------
[2025-12-31 18:58:30] 
  Files: N/A
  Input: {}
  Output: No output
--------------------------------------------------------------------------------
[2025-12-31 18:58:33] 
  Files: N/A
  Input: {}
  Output: No output
--------------------------------------------------------------------------------
[2025-12-31 18:58:40] 
  Files: N/A
  Input: {}
  Output: No output
--------------------------------------------------------------------------------
[2025-12-31 18:58:42] 
  Files: N/A
  Input: {}
  Output: No output
--------------------------------------------------------------------------------
[2025-12-31 18:58:49] 
  Files: N/A
  Input: {}
  Output: No output
--------------------------------------------------------------------------------
[2025-12-31 18:58:49] 
  Files: N/A
  Input: {}
  Output: No output
--------------------------------------------------------------------------------
[2025-12-31 18:58:51] 
  Files: N/A
  Input: {}
  Output: No output
--------------------------------------------------------------------------------
[2025-12-31 18:58:51] 
  Files: N/A
  Input: {}
  Output: No output
--------------------------------------------------------------------------------
[2025-12-31 18:58:51] 
  Files: N/A
  Input: {}
  Output: No output
--------------------------------------------------------------------------------
[2025-12-31 18:58:51] 
  Files: N/A
  Input: {}
  Output: No output
--------------------------------------------------------------------------------
[2025-12-31 18:58:52] 
  Files: N/A
  Input: {}
  Output: No output
--------------------------------------------------------------------------------
[2025-12-31 18:58:57] 
  Files: N/A
  Input: {}
  Output: No output
--------------------------------------------------------------------------------
[2025-12-31 18:59:01] 
  Files: N/A
  Input: {}
  Output: No output
--------------------------------------------------------------------------------
[2025-12-31 18:59:08] 
  Files: N/A
  Input: {}
  Output: No output
--------------------------------------------------------------------------------
[2025-12-31 18:59:10] 
  Files: N/A
  Input: {}
  Output: No output
--------------------------------------------------------------------------------
[2025-12-31 18:59:10] 
  Files: N/A
  Input: {}
  Output: No output
--------------------------------------------------------------------------------
[2025-12-31 18:59:12] 
  Files: N/A
  Input: {}
  Output: No output
--------------------------------------------------------------------------------
[2025-12-31 18:59:12] 
  Files: N/A
  Input: {}
  Output: No output
--------------------------------------------------------------------------------
[2025-12-31 18:59:18] 
  Files: N/A
  Input: {}
  Output: No output
--------------------------------------------------------------------------------
[2025-12-31 18:59:33] 
  Files: N/A
  Input: {}
  Output: No output
--------------------------------------------------------------------------------
[2025-12-31 18:59:33] 
  Files: N/A
  Input: {}
  Output: No output
--------------------------------------------------------------------------------
[2025-12-31 18:59:37] 
  Files: N/A
  Input: {}
  Output: No output
--------------------------------------------------------------------------------
[2025-12-31 18:59:37] 
  Files: N/A
  Input: {}
  Output: No output
--------------------------------------------------------------------------------
[2025-12-31 18:59:41] 
  Files: N/A
  Input: {}
  Output: No output
--------------------------------------------------------------------------------
[2025-12-31 18:59:43] 
  Files: N/A
  Input: {}
  Output: No output
--------------------------------------------------------------------------------
[2025-12-31 18:59:49] 
  Files: N/A
  Input: {}
  Output: No output
--------------------------------------------------------------------------------
[2025-12-31 18:59:54] 
  Files: N/A
  Input: {}
  Output: No output
--------------------------------------------------------------------------------
[2025-12-31 18:59:56] 
  Files: N/A
  Input: {}
  Output: No output
--------------------------------------------------------------------------------
[2025-12-31 18:59:58] 
  Files: N/A
  Input: {}
  Output: No output
--------------------------------------------------------------------------------
[2025-12-31 19:00:03] 
  Files: N/A
  Input: {}
  Output: No output
--------------------------------------------------------------------------------
[2025-12-31 19:00:07] 
  Files: N/A
  Input: {}
  Output: No output
--------------------------------------------------------------------------------
[2025-12-31 19:00:09] 
  Files: N/A
  Input: {}
  Output: No output
--------------------------------------------------------------------------------
[2025-12-31 19:00:18] 
  Files: N/A
  Input: {}
  Output: No output
--------------------------------------------------------------------------------
[2025-12-31 19:00:23] 
  Files: N/A
  Input: {}
  Output: No output
--------------------------------------------------------------------------------
[2025-12-31 19:00:31] 
  Files: N/A
  Input: {}
  Output: No output
--------------------------------------------------------------------------------
[2025-12-31 19:00:38] 
  Files: N/A
  Input: {}
  Output: No output
--------------------------------------------------------------------------------
[2025-12-31 19:00:39] 
  Files: N/A
  Input: {}
  Output: No output
--------------------------------------------------------------------------------
[2025-12-31 19:00:39] 
  Files: N/A
  Input: {}
  Output: No output
--------------------------------------------------------------------------------
[2025-12-31 19:00:45] 
  Files: N/A
  Input: {}
  Output: No output
--------------------------------------------------------------------------------
[2025-12-31 19:00:45] 
  Files: N/A
  Input: {}
  Output: No output
--------------------------------------------------------------------------------
[2025-12-31 19:00:52] 
  Files: N/A
  Input: {}
  Output: No output
--------------------------------------------------------------------------------
[2025-12-31 19:00:52] 
  Files: N/A
  Input: {}
  Output: No output
--------------------------------------------------------------------------------
[2025-12-31 19:01:02] 
  Files: N/A
  Input: {}
  Output: No output
--------------------------------------------------------------------------------
[2025-12-31 19:01:10] 
  Files: N/A
  Input: {}
  Output: No output
--------------------------------------------------------------------------------
[2025-12-31 19:01:10] 
  Files: N/A
  Input: {}
  Output: No output
--------------------------------------------------------------------------------
[2025-12-31 19:01:11] 
  Files: N/A
  Input: {}
  Output: No output
--------------------------------------------------------------------------------
[2025-12-31 19:01:12] 
  Files: N/A
  Input: {}
  Output: No output
--------------------------------------------------------------------------------
[2025-12-31 19:01:16] 
  Files: N/A
  Input: {}
  Output: No output
--------------------------------------------------------------------------------
[2025-12-31 19:01:18] 
  Files: N/A
  Input: {}
  Output: No output
--------------------------------------------------------------------------------
[2025-12-31 19:01:22] 
  Files: N/A
  Input: {}
  Output: No output
--------------------------------------------------------------------------------
[2025-12-31 19:01:22] 
  Files: N/A
  Input: {}
  Output: No output
--------------------------------------------------------------------------------
[2025-12-31 19:01:27] 
  Files: N/A
  Input: {}
  Output: No output
--------------------------------------------------------------------------------
[2025-12-31 19:01:32] 
  Files: N/A
  Input: {}
  Output: No output
--------------------------------------------------------------------------------
[2025-12-31 19:01:36] 
  Files: N/A
  Input: {}
  Output: No output
--------------------------------------------------------------------------------
[2025-12-31 19:01:40] 
  Files: N/A
  Input: {}
  Output: No output
--------------------------------------------------------------------------------
[2025-12-31 19:01:40] 
  Files: N/A
  Input: {}
  Output: No output
--------------------------------------------------------------------------------
[2025-12-31 19:01:45] 
  Files: N/A
  Input: {}
  Output: No output
--------------------------------------------------------------------------------
[2025-12-31 19:01:51] 
  Files: N/A
  Input: {}
  Output: No output
--------------------------------------------------------------------------------
[2025-12-31 19:01:51] 
  Files: N/A
  Input: {}
  Output: No output
--------------------------------------------------------------------------------
[2025-12-31 19:01:56] 
  Files: N/A
  Input: {}
  Output: No output
--------------------------------------------------------------------------------
[2025-12-31 19:02:00] 
  Files: N/A
  Input: {}
  Output: No output
--------------------------------------------------------------------------------
[2025-12-31 19:02:05] 
  Files: N/A
  Input: {}
  Output: No output
--------------------------------------------------------------------------------
[2025-12-31 19:02:05] 
  Files: N/A
  Input: {}
  Output: No output
--------------------------------------------------------------------------------
[2025-12-31 19:02:07] 
  Files: N/A
  Input: {}
  Output: No output
--------------------------------------------------------------------------------
[2025-12-31 19:02:14] 
  Files: N/A
  Input: {}
  Output: No output
--------------------------------------------------------------------------------
[2025-12-31 19:02:19] 
  Files: N/A
  Input: {}
  Output: No output
--------------------------------------------------------------------------------
[2025-12-31 19:02:19] 
  Files: N/A
  Input: {}
  Output: No output
--------------------------------------------------------------------------------
[2025-12-31 19:02:20] 
  Files: N/A
  Input: {}
  Output: No output
--------------------------------------------------------------------------------
[2025-12-31 19:02:25] 
  Files: N/A
  Input: {}
  Output: No output
--------------------------------------------------------------------------------
[2025-12-31 19:02:28] 
  Files: N/A
  Input: {}
  Output: No output
--------------------------------------------------------------------------------
[2025-12-31 19:02:37] 
  Files: N/A
  Input: {}
  Output: No output
--------------------------------------------------------------------------------
[2025-12-31 19:02:37] 
  Files: N/A
  Input: {}
  Output: No output
--------------------------------------------------------------------------------
[2025-12-31 19:02:41] 
  Files: N/A
  Input: {}
  Output: No output
--------------------------------------------------------------------------------
[2025-12-31 19:02:42] 
  Files: N/A
  Input: {}
  Output: No output
--------------------------------------------------------------------------------
[2025-12-31 19:02:45] 
  Files: N/A
  Input: {}
  Output: No output
--------------------------------------------------------------------------------
[2025-12-31 19:02:45] 
  Files: N/A
  Input: {}
  Output: No output
--------------------------------------------------------------------------------
[2025-12-31 19:02:45] 
  Files: N/A
  Input: {}
  Output: No output
--------------------------------------------------------------------------------
[2025-12-31 19:02:49] 
  Files: N/A
  Input: {}
  Output: No output
--------------------------------------------------------------------------------
[2025-12-31 19:02:56] 
  Files: N/A
  Input: {}
  Output: No output
--------------------------------------------------------------------------------
[2025-12-31 19:03:01] 
  Files: N/A
  Input: {}
  Output: No output
--------------------------------------------------------------------------------
[2025-12-31 19:03:07] 
  Files: N/A
  Input: {}
  Output: No output
--------------------------------------------------------------------------------
[2025-12-31 19:03:12] 
  Files: N/A
  Input: {}
  Output: No output
--------------------------------------------------------------------------------
[2025-12-31 19:03:18] 
  Files: N/A
  Input: {}
  Output: No output
--------------------------------------------------------------------------------
[2025-12-31 19:03:37] 
  Files: N/A
  Input: {}
  Output: No output
--------------------------------------------------------------------------------
[2025-12-31 19:03:37] 
  Files: N/A
  Input: {}
  Output: No output
--------------------------------------------------------------------------------
[2025-12-31 19:03:42] 
  Files: N/A
  Input: {}
  Output: No output
--------------------------------------------------------------------------------
[2025-12-31 19:03:47] 
  Files: N/A
  Input: {}
  Output: No output
--------------------------------------------------------------------------------
[2025-12-31 19:03:55] 
  Files: N/A
  Input: {}
  Output: No output
--------------------------------------------------------------------------------
[2025-12-31 19:03:56] 
  Files: N/A
  Input: {}
  Output: No output
--------------------------------------------------------------------------------
[2025-12-31 19:04:03] 
  Files: N/A
  Input: {}
  Output: No output
--------------------------------------------------------------------------------
[2025-12-31 19:04:21] 
  Files: N/A
  Input: {}
  Output: No output
--------------------------------------------------------------------------------
[2025-12-31 19:04:26] 
  Files: N/A
  Input: {}
  Output: No output
--------------------------------------------------------------------------------
[2025-12-31 19:04:31] 
  Files: N/A
  Input: {}
  Output: No output
--------------------------------------------------------------------------------
[2025-12-31 19:04:37] 
  Files: N/A
  Input: {}
  Output: No output
--------------------------------------------------------------------------------
[2025-12-31 19:04:38] 
  Files: N/A
  Input: {}
  Output: No output
--------------------------------------------------------------------------------
[2025-12-31 19:04:53] 
  Files: N/A
  Input: {}
  Output: No output
--------------------------------------------------------------------------------
[2025-12-31 19:04:54] 
  Files: N/A
  Input: {}
  Output: No output
--------------------------------------------------------------------------------
[2025-12-31 19:04:54] 
  Files: N/A
  Input: {}
  Output: No output
--------------------------------------------------------------------------------
[2025-12-31 19:05:01] 
  Files: N/A
  Input: {}
  Output: No output
--------------------------------------------------------------------------------
[2025-12-31 19:05:02] 
  Files: N/A
  Input: {}
  Output: No output
--------------------------------------------------------------------------------
[2025-12-31 19:05:08] 
  Files: N/A
  Input: {}
  Output: No output
--------------------------------------------------------------------------------
[2025-12-31 19:05:08] 
  Files: N/A
  Input: {}
  Output: No output
--------------------------------------------------------------------------------
[2025-12-31 19:05:14] 
  Files: N/A
  Input: {}
  Output: No output
--------------------------------------------------------------------------------
[2025-12-31 19:05:29] 
  Files: N/A
  Input: {}
  Output: No output
--------------------------------------------------------------------------------
[2025-12-31 19:05:29] 
  Files: N/A
  Input: {}
  Output: No output
--------------------------------------------------------------------------------
[2025-12-31 19:05:37] 
  Files: N/A
  Input: {}
  Output: No output
--------------------------------------------------------------------------------
[2025-12-31 19:05:37] 
  Files: N/A
  Input: {}
  Output: No output
--------------------------------------------------------------------------------
[2025-12-31 19:05:37] 
  Files: N/A
  Input: {}
  Output: No output
--------------------------------------------------------------------------------
[2025-12-31 19:05:45] 
  Files: N/A
  Input: {}
  Output: No output
--------------------------------------------------------------------------------
[2025-12-31 19:05:50] 
  Files: N/A
  Input: {}
  Output: No output
--------------------------------------------------------------------------------
[2025-12-31 19:05:53] 
  Files: N/A
  Input: {}
  Output: No output
--------------------------------------------------------------------------------
[2025-12-31 19:05:55] 
  Files: N/A
  Input: {}
  Output: No output
--------------------------------------------------------------------------------
[2025-12-31 19:05:57] 
  Files: N/A
  Input: {}
  Output: No output
--------------------------------------------------------------------------------
[2025-12-31 19:06:00] 
  Files: N/A
  Input: {}
  Output: No output
--------------------------------------------------------------------------------
[2025-12-31 19:06:05] 
  Files: N/A
  Input: {}
  Output: No output
--------------------------------------------------------------------------------
[2025-12-31 19:06:10] 
  Files: N/A
  Input: {}
  Output: No output
--------------------------------------------------------------------------------
[2025-12-31 19:06:18] 
  Files: N/A
  Input: {}
  Output: No output
--------------------------------------------------------------------------------
[2025-12-31 19:06:18] 
  Files: N/A
  Input: {}
  Output: No output
--------------------------------------------------------------------------------
[2025-12-31 19:06:22] 
  Files: N/A
  Input: {}
  Output: No output
--------------------------------------------------------------------------------
[2025-12-31 19:06:22] 
  Files: N/A
  Input: {}
  Output: No output
--------------------------------------------------------------------------------
[2025-12-31 19:06:27] 
  Files: N/A
  Input: {}
  Output: No output
--------------------------------------------------------------------------------
[2025-12-31 19:06:31] 
  Files: N/A
  Input: {}
  Output: No output
--------------------------------------------------------------------------------
[2025-12-31 19:06:42] 
  Files: N/A
  Input: {}
  Output: No output
--------------------------------------------------------------------------------
[2025-12-31 19:06:42] 
  Files: N/A
  Input: {}
  Output: No output
--------------------------------------------------------------------------------
[2025-12-31 19:06:53] 
  Files: N/A
  Input: {}
  Output: No output
--------------------------------------------------------------------------------
[2025-12-31 19:06:55] 
  Files: N/A
  Input: {}
  Output: No output
--------------------------------------------------------------------------------
[2025-12-31 19:06:57] 
  Files: N/A
  Input: {}
  Output: No output
--------------------------------------------------------------------------------
[2025-12-31 19:07:01] 
  Files: N/A
  Input: {}
  Output: No output
--------------------------------------------------------------------------------
[2025-12-31 19:07:04] 
  Files: N/A
  Input: {}
  Output: No output
--------------------------------------------------------------------------------
[2025-12-31 19:07:04] 
  Files: N/A
  Input: {}
  Output: No output
--------------------------------------------------------------------------------
[2025-12-31 19:07:11] 
  Files: N/A
  Input: {}
  Output: No output
--------------------------------------------------------------------------------
[2025-12-31 19:07:15] 
  Files: N/A
  Input: {}
  Output: No output
--------------------------------------------------------------------------------
[2025-12-31 19:07:18] 
  Files: N/A
  Input: {}
  Output: No output
--------------------------------------------------------------------------------
[2025-12-31 19:07:20] 
  Files: N/A
  Input: {}
  Output: No output
--------------------------------------------------------------------------------
[2025-12-31 19:07:27] 
  Files: N/A
  Input: {}
  Output: No output
--------------------------------------------------------------------------------
[2025-12-31 19:07:29] 
  Files: N/A
  Input: {}
  Output: No output
--------------------------------------------------------------------------------
[2025-12-31 19:07:32] 
  Files: N/A
  Input: {}
  Output: No output
--------------------------------------------------------------------------------
[2025-12-31 19:07:36] 
  Files: N/A
  Input: {}
  Output: No output
--------------------------------------------------------------------------------
[2025-12-31 19:07:42] 
  Files: N/A
  Input: {}
  Output: No output
--------------------------------------------------------------------------------
[2025-12-31 19:07:45] 
  Files: N/A
  Input: {}
  Output: No output
--------------------------------------------------------------------------------
[2025-12-31 19:07:45] 
  Files: N/A
  Input: {}
  Output: No output
--------------------------------------------------------------------------------
[2025-12-31 19:07:48] 
  Files: N/A
  Input: {}
  Output: No output
--------------------------------------------------------------------------------
[2025-12-31 19:07:54] 
  Files: N/A
  Input: {}
  Output: No output
--------------------------------------------------------------------------------
[2025-12-31 19:07:56] 
  Files: N/A
  Input: {}
  Output: No output
--------------------------------------------------------------------------------
[2025-12-31 19:08:06] 
  Files: N/A
  Input: {}
  Output: No output
--------------------------------------------------------------------------------
[2025-12-31 19:08:21] 
  Files: N/A
  Input: {}
  Output: No output
--------------------------------------------------------------------------------
[2025-12-31 19:08:43] 
  Files: N/A
  Input: {}
  Output: No output
--------------------------------------------------------------------------------
[2025-12-31 19:08:48] 
  Files: N/A
  Input: {}
  Output: No output
--------------------------------------------------------------------------------
[2025-12-31 19:08:48] 
  Files: N/A
  Input: {}
  Output: No output
--------------------------------------------------------------------------------
[2025-12-31 19:08:55] 
  Files: N/A
  Input: {}
  Output: No output
--------------------------------------------------------------------------------
[2025-12-31 19:08:59] 
  Files: N/A
  Input: {}
  Output: No output
--------------------------------------------------------------------------------
[2025-12-31 19:08:59] 
  Files: N/A
  Input: {}
  Output: No output
--------------------------------------------------------------------------------
[2025-12-31 19:09:03] 
  Files: N/A
  Input: {}
  Output: No output
--------------------------------------------------------------------------------
[2025-12-31 19:09:07] 
  Files: N/A
  Input: {}
  Output: No output
--------------------------------------------------------------------------------
[2025-12-31 19:09:10] 
  Files: N/A
  Input: {}
  Output: No output
--------------------------------------------------------------------------------
[2025-12-31 19:09:14] 
  Files: N/A
  Input: {}
  Output: No output
--------------------------------------------------------------------------------
[2025-12-31 19:10:03] 
  Files: N/A
  Input: {}
  Output: No output
--------------------------------------------------------------------------------
[2025-12-31 19:10:09] 
  Files: N/A
  Input: {}
  Output: No output
--------------------------------------------------------------------------------
[2025-12-31 19:10:19] 
  Files: N/A
  Input: {}
  Output: No output
--------------------------------------------------------------------------------
[2025-12-31 19:10:20] 
  Files: N/A
  Input: {}
  Output: No output
--------------------------------------------------------------------------------
[2025-12-31 19:10:29] 
  Files: N/A
  Input: {}
  Output: No output
--------------------------------------------------------------------------------
[2025-12-31 19:10:31] 
  Files: N/A
  Input: {}
  Output: No output
--------------------------------------------------------------------------------
[2025-12-31 19:11:17] 
  Files: N/A
  Input: {}
  Output: No output
--------------------------------------------------------------------------------
[2025-12-31 19:11:19] 
  Files: N/A
  Input: {}
  Output: No output
--------------------------------------------------------------------------------
[2025-12-31 19:11:22] 
  Files: N/A
  Input: {}
  Output: No output
--------------------------------------------------------------------------------
[2025-12-31 19:11:26] 
  Files: N/A
  Input: {}
  Output: No output
--------------------------------------------------------------------------------
[2025-12-31 19:11:33] 
  Files: N/A
  Input: {}
  Output: No output
--------------------------------------------------------------------------------
[2025-12-31 19:11:33] 
  Files: N/A
  Input: {}
  Output: No output
--------------------------------------------------------------------------------
[2025-12-31 19:11:41] 
  Files: N/A
  Input: {}
  Output: No output
--------------------------------------------------------------------------------
[2025-12-31 19:11:41] 
  Files: N/A
  Input: {}
  Output: No output
--------------------------------------------------------------------------------
[2025-12-31 19:11:47] 
  Files: N/A
  Input: {}
  Output: No output
--------------------------------------------------------------------------------
[2025-12-31 19:12:01] 
  Files: N/A
  Input: {}
  Output: No output
--------------------------------------------------------------------------------
[2025-12-31 19:12:18] 
  Files: N/A
  Input: {}
  Output: No output
--------------------------------------------------------------------------------
[2025-12-31 19:12:22] 
  Files: N/A
  Input: {}
  Output: No output
--------------------------------------------------------------------------------
[2025-12-31 19:12:29] 
  Files: N/A
  Input: {}
  Output: No output
--------------------------------------------------------------------------------
[2025-12-31 19:12:31] 
  Files: N/A
  Input: {}
  Output: No output
--------------------------------------------------------------------------------
[2025-12-31 19:12:36] 
  Files: N/A
  Input: {}
  Output: No output
--------------------------------------------------------------------------------
[2025-12-31 19:13:12] 
  Files: N/A
  Input: {}
  Output: No output
--------------------------------------------------------------------------------
[2025-12-31 19:13:52] 
  Files: N/A
  Input: {}
  Output: No output
--------------------------------------------------------------------------------
[2025-12-31 19:13:59] 
  Files: N/A
  Input: {}
  Output: No output
--------------------------------------------------------------------------------
[2025-12-31 19:14:06] 
  Files: N/A
  Input: {}
  Output: No output
--------------------------------------------------------------------------------
[2025-12-31 19:14:44] 
  Files: N/A
  Input: {}
  Output: No output
--------------------------------------------------------------------------------
[2025-12-31 19:14:51] 
  Files: N/A
  Input: {}
  Output: No output
--------------------------------------------------------------------------------
[2025-12-31 19:15:00] 
  Files: N/A
  Input: {}
  Output: No output
--------------------------------------------------------------------------------
[2025-12-31 19:15:38] 
  Files: N/A
  Input: {}
  Output: No output
--------------------------------------------------------------------------------
[2025-12-31 19:15:44] 
  Files: N/A
  Input: {}
  Output: No output
--------------------------------------------------------------------------------
[2025-12-31 19:15:52] 
  Files: N/A
  Input: {}
  Output: No output
--------------------------------------------------------------------------------
[2025-12-31 19:16:30] 
  Files: N/A
  Input: {}
  Output: No output
--------------------------------------------------------------------------------
[2025-12-31 19:17:07] 
  Files: N/A
  Input: {}
  Output: No output
--------------------------------------------------------------------------------
[2025-12-31 19:17:19] 
  Files: N/A
  Input: {}
  Output: No output
--------------------------------------------------------------------------------
[2025-12-31 19:17:28] 
  Files: N/A
  Input: {}
  Output: No output
--------------------------------------------------------------------------------
[2025-12-31 19:17:35] 
  Files: N/A
  Input: {}
  Output: No output
--------------------------------------------------------------------------------
[2025-12-31 19:17:43] 
  Files: N/A
  Input: {}
  Output: No output
--------------------------------------------------------------------------------
[2025-12-31 19:17:50] 
  Files: N/A
  Input: {}
  Output: No output
--------------------------------------------------------------------------------
[2025-12-31 19:18:01] 
  Files: N/A
  Input: {}
  Output: No output
--------------------------------------------------------------------------------
[2025-12-31 19:18:08] 
  Files: N/A
  Input: {}
  Output: No output
--------------------------------------------------------------------------------
[2025-12-31 19:18:14] 
  Files: N/A
  Input: {}
  Output: No output
--------------------------------------------------------------------------------
[2025-12-31 19:18:22] 
  Files: N/A
  Input: {}
  Output: No output
--------------------------------------------------------------------------------
[2025-12-31 19:18:30] 
  Files: N/A
  Input: {}
  Output: No output
--------------------------------------------------------------------------------
[2025-12-31 19:19:07] 
  Files: N/A
  Input: {}
  Output: No output
--------------------------------------------------------------------------------
[2025-12-31 19:19:54] 
  Files: N/A
  Input: {}
  Output: No output
--------------------------------------------------------------------------------
[2025-12-31 19:20:01] 
  Files: N/A
  Input: {}
  Output: No output
--------------------------------------------------------------------------------
[2025-12-31 19:20:09] 
  Files: N/A
  Input: {}
  Output: No output
--------------------------------------------------------------------------------
[2025-12-31 19:20:14] 
  Files: N/A
  Input: {}
  Output: No output
--------------------------------------------------------------------------------
[2025-12-31 19:20:22] 
  Files: N/A
  Input: {}
  Output: No output
--------------------------------------------------------------------------------
[2025-12-31 19:21:10] 
  Files: N/A
  Input: {}
  Output: No output
--------------------------------------------------------------------------------
[2025-12-31 19:21:16] 
  Files: N/A
  Input: {}
  Output: No output
--------------------------------------------------------------------------------
[2025-12-31 19:21:31] 
  Files: N/A
  Input: {}
  Output: No output
--------------------------------------------------------------------------------
[2025-12-31 19:21:38] 
  Files: N/A
  Input: {}
  Output: No output
--------------------------------------------------------------------------------
[2025-12-31 19:21:46] 
  Files: N/A
  Input: {}
  Output: No output
--------------------------------------------------------------------------------
[2025-12-31 19:22:00] 
  Files: N/A
  Input: {}
  Output: No output
--------------------------------------------------------------------------------
[2025-12-31 19:22:39] 
  Files: N/A
  Input: {}
  Output: No output
--------------------------------------------------------------------------------
[2025-12-31 19:23:15] 
  Files: N/A
  Input: {}
  Output: No output
--------------------------------------------------------------------------------
[2025-12-31 19:23:23] 
  Files: N/A
  Input: {}
  Output: No output
--------------------------------------------------------------------------------
[2025-12-31 19:23:30] 
  Files: N/A
  Input: {}
  Output: No output
--------------------------------------------------------------------------------
[2025-12-31 19:23:40] 
  Files: N/A
  Input: {}
  Output: No output
--------------------------------------------------------------------------------
[2025-12-31 19:23:48] 
  Files: N/A
  Input: {}
  Output: No output
--------------------------------------------------------------------------------
[2025-12-31 19:24:05] 
  Files: N/A
  Input: {}
  Output: No output
--------------------------------------------------------------------------------
[2025-12-31 19:24:15] 
  Files: N/A
  Input: {}
  Output: No output
--------------------------------------------------------------------------------
[2025-12-31 19:24:23] 
  Files: N/A
  Input: {}
  Output: No output
--------------------------------------------------------------------------------
[2025-12-31 19:24:32] 
  Files: N/A
  Input: {}
  Output: No output
--------------------------------------------------------------------------------
[2025-12-31 19:25:13] 
  Files: N/A
  Input: {}
  Output: No output
--------------------------------------------------------------------------------
[2025-12-31 19:25:49] 
  Files: N/A
  Input: {}
  Output: No output
--------------------------------------------------------------------------------
[2025-12-31 19:25:57] 
  Files: N/A
  Input: {}
  Output: No output
--------------------------------------------------------------------------------
[2025-12-31 19:26:36] 
  Files: N/A
  Input: {}
  Output: No output
--------------------------------------------------------------------------------
[2025-12-31 19:27:22] 
  Files: N/A
  Input: {}
  Output: No output
--------------------------------------------------------------------------------
[2025-12-31 19:27:53] 
  Files: N/A
  Input: {}
  Output: No output
--------------------------------------------------------------------------------
[2025-12-31 19:28:06] 
  Files: N/A
  Input: {}
  Output: No output
--------------------------------------------------------------------------------
[2025-12-31 19:28:18] 
  Files: N/A
  Input: {}
  Output: No output
--------------------------------------------------------------------------------
[2025-12-31 19:28:32] 
  Files: N/A
  Input: {}
  Output: No output
--------------------------------------------------------------------------------
[2025-12-31 19:28:43] 
  Files: N/A
  Input: {}
  Output: No output
--------------------------------------------------------------------------------
[2025-12-31 19:29:47] 
  Files: N/A
  Input: {}
  Output: No output
--------------------------------------------------------------------------------
[2025-12-31 19:30:44] 
  Files: N/A
  Input: {}
  Output: No output
--------------------------------------------------------------------------------
[2025-12-31 19:30:57] 
  Files: N/A
  Input: {}
  Output: No output
--------------------------------------------------------------------------------
[2025-12-31 19:31:11] 
  Files: N/A
  Input: {}
  Output: No output
--------------------------------------------------------------------------------
[2025-12-31 19:32:06] 
  Files: N/A
  Input: {}
  Output: No output
--------------------------------------------------------------------------------
[2025-12-31 19:33:04] 
  Files: N/A
  Input: {}
  Output: No output
--------------------------------------------------------------------------------
[2025-12-31 19:33:18] 
  Files: N/A
  Input: {}
  Output: No output
--------------------------------------------------------------------------------
[2025-12-31 19:34:11] 
  Files: N/A
  Input: {}
  Output: No output
--------------------------------------------------------------------------------
[2025-12-31 19:35:00] 
  Files: N/A
  Input: {}
  Output: No output
--------------------------------------------------------------------------------
[2025-12-31 19:35:12] 
  Files: N/A
  Input: {}
  Output: No output
--------------------------------------------------------------------------------
[2025-12-31 19:35:26] 
  Files: N/A
  Input: {}
  Output: No output
--------------------------------------------------------------------------------
[2025-12-31 19:36:18] 
  Files: N/A
  Input: {}
  Output: No output
--------------------------------------------------------------------------------
[2025-12-31 19:37:21] 
  Files: N/A
  Input: {}
  Output: No output
--------------------------------------------------------------------------------
[2025-12-31 19:37:38] 
  Files: N/A
  Input: {}
  Output: No output
--------------------------------------------------------------------------------
[2025-12-31 19:37:54] 
  Files: N/A
  Input: {}
  Output: No output
--------------------------------------------------------------------------------
[2025-12-31 19:38:59] 
  Files: N/A
  Input: {}
  Output: No output
--------------------------------------------------------------------------------
[2025-12-31 19:39:49] 
  Files: N/A
  Input: {}
  Output: No output
--------------------------------------------------------------------------------
[2025-12-31 19:40:00] 
  Files: N/A
  Input: {}
  Output: No output
--------------------------------------------------------------------------------
[2025-12-31 19:40:10] 
  Files: N/A
  Input: {}
  Output: No output
--------------------------------------------------------------------------------
[2025-12-31 19:40:23] 
  Files: N/A
  Input: {}
  Output: No output
--------------------------------------------------------------------------------
[2025-12-31 19:40:40] 
  Files: N/A
  Input: {}
  Output: No output
--------------------------------------------------------------------------------
[2025-12-31 19:40:53] 
  Files: N/A
  Input: {}
  Output: No output
--------------------------------------------------------------------------------
[2025-12-31 19:41:08] 
  Files: N/A
  Input: {}
  Output: No output
--------------------------------------------------------------------------------
[2025-12-31 19:42:02] 
  Files: N/A
  Input: {}
  Output: No output
--------------------------------------------------------------------------------
[2025-12-31 19:42:52] 
  Files: N/A
  Input: {}
  Output: No output
--------------------------------------------------------------------------------
[2025-12-31 19:43:18] 
  Files: N/A
  Input: {}
  Output: No output
--------------------------------------------------------------------------------
[2025-12-31 19:43:30] 
  Files: N/A
  Input: {}
  Output: No output
--------------------------------------------------------------------------------
[2025-12-31 19:43:41] 
  Files: N/A
  Input: {}
  Output: No output
--------------------------------------------------------------------------------
[2025-12-31 19:43:53] 
  Files: N/A
  Input: {}
  Output: No output
--------------------------------------------------------------------------------
[2025-12-31 19:44:12] 
  Files: N/A
  Input: {}
  Output: No output
--------------------------------------------------------------------------------
[2025-12-31 19:44:26] 
  Files: N/A
  Input: {}
  Output: No output
--------------------------------------------------------------------------------
[2025-12-31 19:44:42] 
  Files: N/A
  Input: {}
  Output: No output
--------------------------------------------------------------------------------
[2025-12-31 19:45:34] 
  Files: N/A
  Input: {}
  Output: No output
--------------------------------------------------------------------------------
[2025-12-31 19:46:26] 
  Files: N/A
  Input: {}
  Output: No output
--------------------------------------------------------------------------------
[2025-12-31 19:46:46] 
  Files: N/A
  Input: {}
  Output: No output
--------------------------------------------------------------------------------
[2025-12-31 19:47:00] 
  Files: N/A
  Input: {}
  Output: No output
--------------------------------------------------------------------------------
[2025-12-31 19:47:55] 
  Files: N/A
  Input: {}
  Output: No output
--------------------------------------------------------------------------------
[2025-12-31 19:48:47] 
  Files: N/A
  Input: {}
  Output: No output
--------------------------------------------------------------------------------
[2025-12-31 19:49:03] 
  Files: N/A
  Input: {}
  Output: No output
--------------------------------------------------------------------------------
[2025-12-31 19:49:59] 
  Files: N/A
  Input: {}
  Output: No output
--------------------------------------------------------------------------------
[2025-12-31 19:50:58] 
  Files: N/A
  Input: {}
  Output: No output
--------------------------------------------------------------------------------
[2025-12-31 19:51:27] 
  Files: N/A
  Input: {}
  Output: No output
--------------------------------------------------------------------------------
[2025-12-31 19:51:44] 
  Files: N/A
  Input: {}
  Output: No output
--------------------------------------------------------------------------------
[2025-12-31 19:52:35] 
  Files: N/A
  Input: {}
  Output: No output
--------------------------------------------------------------------------------
[2025-12-31 19:54:25] 
  Files: N/A
  Input: {}
  Output: No output
--------------------------------------------------------------------------------
[2025-12-31 19:54:58] 
  Files: N/A
  Input: {}
  Output: No output
--------------------------------------------------------------------------------
[2025-12-31 19:54:59] 
  Files: N/A
  Input: {}
  Output: No output
--------------------------------------------------------------------------------
[2025-12-31 19:55:04] 
  Files: N/A
  Input: {}
  Output: No output
--------------------------------------------------------------------------------
[2025-12-31 19:55:07] 
  Files: N/A
  Input: {}
  Output: No output
--------------------------------------------------------------------------------
[2025-12-31 19:55:11] 
  Files: N/A
  Input: {}
  Output: No output
--------------------------------------------------------------------------------
[2025-12-31 19:55:17] 
  Files: N/A
  Input: {}
  Output: No output
--------------------------------------------------------------------------------
[2025-12-31 19:55:17] 
  Files: N/A
  Input: {}
  Output: No output
--------------------------------------------------------------------------------
[2025-12-31 19:55:23] 
  Files: N/A
  Input: {}
  Output: No output
--------------------------------------------------------------------------------
[2025-12-31 19:55:25] 
  Files: N/A
  Input: {}
  Output: No output
--------------------------------------------------------------------------------
[2025-12-31 19:55:29] 
  Files: N/A
  Input: {}
  Output: No output
--------------------------------------------------------------------------------
[2025-12-31 19:55:31] 
  Files: N/A
  Input: {}
  Output: No output
--------------------------------------------------------------------------------
[2025-12-31 19:55:35] 
  Files: N/A
  Input: {}
  Output: No output
--------------------------------------------------------------------------------
[2025-12-31 19:55:37] 
  Files: N/A
  Input: {}
  Output: No output
--------------------------------------------------------------------------------
[2025-12-31 19:55:44] 
  Files: N/A
  Input: {}
  Output: No output
--------------------------------------------------------------------------------
[2025-12-31 19:55:44] 
  Files: N/A
  Input: {}
  Output: No output
--------------------------------------------------------------------------------
[2025-12-31 19:55:51] 
  Files: N/A
  Input: {}
  Output: No output
--------------------------------------------------------------------------------
[2025-12-31 19:55:51] 
  Files: N/A
  Input: {}
  Output: No output
--------------------------------------------------------------------------------
[2025-12-31 19:55:59] 
  Files: N/A
  Input: {}
  Output: No output
--------------------------------------------------------------------------------
[2025-12-31 19:56:02] 
  Files: N/A
  Input: {}
  Output: No output
--------------------------------------------------------------------------------
[2025-12-31 19:56:04] 
  Files: N/A
  Input: {}
  Output: No output
--------------------------------------------------------------------------------
[2025-12-31 19:56:08] 
  Files: N/A
  Input: {}
  Output: No output
--------------------------------------------------------------------------------
[2025-12-31 19:56:12] 
  Files: N/A
  Input: {}
  Output: No output
--------------------------------------------------------------------------------
[2025-12-31 19:56:14] 
  Files: N/A
  Input: {}
  Output: No output
--------------------------------------------------------------------------------
[2025-12-31 19:56:20] 
  Files: N/A
  Input: {}
  Output: No output
--------------------------------------------------------------------------------
[2025-12-31 19:56:28] 
  Files: N/A
  Input: {}
  Output: No output
--------------------------------------------------------------------------------
[2025-12-31 19:56:28] 
  Files: N/A
  Input: {}
  Output: No output
--------------------------------------------------------------------------------
[2025-12-31 19:56:34] 
  Files: N/A
  Input: {}
  Output: No output
--------------------------------------------------------------------------------
[2025-12-31 19:56:36] 
  Files: N/A
  Input: {}
  Output: No output
--------------------------------------------------------------------------------
[2025-12-31 19:56:43] 
  Files: N/A
  Input: {}
  Output: No output
--------------------------------------------------------------------------------
[2025-12-31 19:56:49] 
  Files: N/A
  Input: {}
  Output: No output
--------------------------------------------------------------------------------
[2025-12-31 19:56:53] 
  Files: N/A
  Input: {}
  Output: No output
--------------------------------------------------------------------------------
[2025-12-31 19:57:00] 
  Files: N/A
  Input: {}
  Output: No output
--------------------------------------------------------------------------------
[2025-12-31 19:57:01] 
  Files: N/A
  Input: {}
  Output: No output
--------------------------------------------------------------------------------
[2025-12-31 19:57:08] 
  Files: N/A
  Input: {}
  Output: No output
--------------------------------------------------------------------------------
[2025-12-31 19:57:13] 
  Files: N/A
  Input: {}
  Output: No output
--------------------------------------------------------------------------------
[2025-12-31 19:57:17] 
  Files: N/A
  Input: {}
  Output: No output
--------------------------------------------------------------------------------
[2025-12-31 19:57:19] 
  Files: N/A
  Input: {}
  Output: No output
--------------------------------------------------------------------------------
[2025-12-31 19:57:27] 
  Files: N/A
  Input: {}
  Output: No output
--------------------------------------------------------------------------------
[2025-12-31 19:57:34] 
  Files: N/A
  Input: {}
  Output: No output
--------------------------------------------------------------------------------
[2025-12-31 19:57:39] 
  Files: N/A
  Input: {}
  Output: No output
--------------------------------------------------------------------------------
[2025-12-31 19:57:45] 
  Files: N/A
  Input: {}
  Output: No output
--------------------------------------------------------------------------------
[2025-12-31 19:57:49] 
  Files: N/A
  Input: {}
  Output: No output
--------------------------------------------------------------------------------
[2025-12-31 19:58:01] 
  Files: N/A
  Input: {}
  Output: No output
--------------------------------------------------------------------------------
[2025-12-31 19:58:09] 
  Files: N/A
  Input: {}
  Output: No output
--------------------------------------------------------------------------------
[2025-12-31 19:58:16] 
  Files: N/A
  Input: {}
  Output: No output
--------------------------------------------------------------------------------
[2025-12-31 19:58:45] 
  Files: N/A
  Input: {}
  Output: No output
--------------------------------------------------------------------------------
[2025-12-31 20:26:07] 
  Files: N/A
  Input: {}
  Output: No output
--------------------------------------------------------------------------------
[2025-12-31 20:26:28] 
  Files: N/A
  Input: {}
  Output: No output
--------------------------------------------------------------------------------
[2025-12-31 20:26:31] 
  Files: N/A
  Input: {}
  Output: No output
--------------------------------------------------------------------------------
[2025-12-31 20:26:34] 
  Files: N/A
  Input: {}
  Output: No output
--------------------------------------------------------------------------------
[2025-12-31 20:26:37] 
  Files: N/A
  Input: {}
  Output: No output
--------------------------------------------------------------------------------
[2025-12-31 20:26:43] 
  Files: N/A
  Input: {}
  Output: No output
--------------------------------------------------------------------------------
[2025-12-31 20:26:47] 
  Files: N/A
  Input: {}
  Output: No output
--------------------------------------------------------------------------------
[2025-12-31 20:26:49] 
  Files: N/A
  Input: {}
  Output: No output
--------------------------------------------------------------------------------
[2025-12-31 20:26:54] 
  Files: N/A
  Input: {}
  Output: No output
--------------------------------------------------------------------------------
[2025-12-31 20:26:55] 
  Files: N/A
  Input: {}
  Output: No output
--------------------------------------------------------------------------------
[2025-12-31 20:27:00] 
  Files: N/A
  Input: {}
  Output: No output
--------------------------------------------------------------------------------
[2025-12-31 20:27:03] 
  Files: N/A
  Input: {}
  Output: No output
--------------------------------------------------------------------------------
[2025-12-31 20:27:12] 
  Files: N/A
  Input: {}
  Output: No output
--------------------------------------------------------------------------------
[2025-12-31 20:27:13] 
  Files: N/A
  Input: {}
  Output: No output
--------------------------------------------------------------------------------
[2025-12-31 20:27:13] 
  Files: N/A
  Input: {}
  Output: No output
--------------------------------------------------------------------------------
[2025-12-31 20:27:15] 
  Files: N/A
  Input: {}
  Output: No output
--------------------------------------------------------------------------------
[2025-12-31 20:27:26] 
  Files: N/A
  Input: {}
  Output: No output
--------------------------------------------------------------------------------
[2025-12-31 20:27:26] 
  Files: N/A
  Input: {}
  Output: No output
--------------------------------------------------------------------------------
[2025-12-31 20:27:26] 
  Files: N/A
  Input: {}
  Output: No output
--------------------------------------------------------------------------------
[2025-12-31 20:27:27] 
  Files: N/A
  Input: {}
  Output: No output
--------------------------------------------------------------------------------
[2025-12-31 20:27:37] 
  Files: N/A
  Input: {}
  Output: No output
--------------------------------------------------------------------------------
[2025-12-31 20:27:37] 
  Files: N/A
  Input: {}
  Output: No output
--------------------------------------------------------------------------------
[2025-12-31 20:27:44] 
  Files: N/A
  Input: {}
  Output: No output
--------------------------------------------------------------------------------
[2025-12-31 20:27:44] 
  Files: N/A
  Input: {}
  Output: No output
--------------------------------------------------------------------------------
[2025-12-31 20:28:20] 
  Files: N/A
  Input: {}
  Output: No output
--------------------------------------------------------------------------------
[2025-12-31 20:28:20] 
  Files: N/A
  Input: {}
  Output: No output
--------------------------------------------------------------------------------
[2025-12-31 20:28:43] 
  Files: N/A
  Input: {}
  Output: No output
--------------------------------------------------------------------------------
[2025-12-31 20:28:45] 
  Files: N/A
  Input: {}
  Output: No output
--------------------------------------------------------------------------------
[2025-12-31 20:29:06] 
  Files: N/A
  Input: {}
  Output: No output
--------------------------------------------------------------------------------
[2025-12-31 20:29:08] 
  Files: N/A
  Input: {}
  Output: No output
--------------------------------------------------------------------------------
[2025-12-31 20:29:11] 
  Files: N/A
  Input: {}
  Output: No output
--------------------------------------------------------------------------------
[2025-12-31 20:29:15] 
  Files: N/A
  Input: {}
  Output: No output
--------------------------------------------------------------------------------
[2025-12-31 20:29:24] 
  Files: N/A
  Input: {}
  Output: No output
--------------------------------------------------------------------------------
[2025-12-31 20:29:30] 
  Files: N/A
  Input: {}
  Output: No output
--------------------------------------------------------------------------------
[2025-12-31 20:29:33] 
  Files: N/A
  Input: {}
  Output: No output
--------------------------------------------------------------------------------
[2025-12-31 20:29:40] 
  Files: N/A
  Input: {}
  Output: No output
--------------------------------------------------------------------------------
[2025-12-31 20:29:56] 
  Files: N/A
  Input: {}
  Output: No output
--------------------------------------------------------------------------------
[2025-12-31 20:29:58] 
  Files: N/A
  Input: {}
  Output: No output
--------------------------------------------------------------------------------
[2025-12-31 20:30:14] 
  Files: N/A
  Input: {}
  Output: No output
--------------------------------------------------------------------------------
[2025-12-31 20:30:14] 
  Files: N/A
  Input: {}
  Output: No output
--------------------------------------------------------------------------------
[2025-12-31 20:30:26] 
  Files: N/A
  Input: {}
  Output: No output
--------------------------------------------------------------------------------
[2025-12-31 20:30:32] 
  Files: N/A
  Input: {}
  Output: No output
--------------------------------------------------------------------------------
[2025-12-31 20:30:34] 
  Files: N/A
  Input: {}
  Output: No output
--------------------------------------------------------------------------------
[2025-12-31 20:30:39] 
  Files: N/A
  Input: {}
  Output: No output
--------------------------------------------------------------------------------
[2025-12-31 20:30:41] 
  Files: N/A
  Input: {}
  Output: No output
--------------------------------------------------------------------------------
[2025-12-31 20:30:52] 
  Files: N/A
  Input: {}
  Output: No output
--------------------------------------------------------------------------------
[2025-12-31 20:30:57] 
  Files: N/A
  Input: {}
  Output: No output
--------------------------------------------------------------------------------
[2025-12-31 20:30:59] 
  Files: N/A
  Input: {}
  Output: No output
--------------------------------------------------------------------------------
[2025-12-31 20:31:04] 
  Files: N/A
  Input: {}
  Output: No output
--------------------------------------------------------------------------------
[2025-12-31 20:31:09] 
  Files: N/A
  Input: {}
  Output: No output
--------------------------------------------------------------------------------
[2025-12-31 20:31:14] 
  Files: N/A
  Input: {}
  Output: No output
--------------------------------------------------------------------------------
[2025-12-31 20:31:14] 
  Files: N/A
  Input: {}
  Output: No output
--------------------------------------------------------------------------------
[2025-12-31 20:31:22] 
  Files: N/A
  Input: {}
  Output: No output
--------------------------------------------------------------------------------
[2025-12-31 20:31:23] 
  Files: N/A
  Input: {}
  Output: No output
--------------------------------------------------------------------------------
[2025-12-31 20:31:34] 
  Files: N/A
  Input: {}
  Output: No output
--------------------------------------------------------------------------------
[2025-12-31 20:31:34] 
  Files: N/A
  Input: {}
  Output: No output
--------------------------------------------------------------------------------
[2025-12-31 20:31:43] 
  Files: N/A
  Input: {}
  Output: No output
--------------------------------------------------------------------------------
[2025-12-31 20:31:49] 
  Files: N/A
  Input: {}
  Output: No output
--------------------------------------------------------------------------------
[2025-12-31 20:31:57] 
  Files: N/A
  Input: {}
  Output: No output
--------------------------------------------------------------------------------
[2025-12-31 20:32:00] 
  Files: N/A
  Input: {}
  Output: No output
--------------------------------------------------------------------------------
[2025-12-31 20:32:07] 
  Files: N/A
  Input: {}
  Output: No output
--------------------------------------------------------------------------------
[2025-12-31 20:32:09] 
  Files: N/A
  Input: {}
  Output: No output
--------------------------------------------------------------------------------
[2025-12-31 20:32:13] 
  Files: N/A
  Input: {}
  Output: No output
--------------------------------------------------------------------------------
[2025-12-31 20:32:16] 
  Files: N/A
  Input: {}
  Output: No output
--------------------------------------------------------------------------------
[2025-12-31 20:32:20] 
  Files: N/A
  Input: {}
  Output: No output
--------------------------------------------------------------------------------
[2025-12-31 20:32:25] 
  Files: N/A
  Input: {}
  Output: No output
--------------------------------------------------------------------------------
[2025-12-31 20:32:34] 
  Files: N/A
  Input: {}
  Output: No output
--------------------------------------------------------------------------------
[2025-12-31 20:32:36] 
  Files: N/A
  Input: {}
  Output: No output
--------------------------------------------------------------------------------
[2025-12-31 20:32:46] 
  Files: N/A
  Input: {}
  Output: No output
--------------------------------------------------------------------------------
[2025-12-31 20:32:49] 
  Files: N/A
  Input: {}
  Output: No output
--------------------------------------------------------------------------------
[2025-12-31 20:32:54] 
  Files: N/A
  Input: {}
  Output: No output
--------------------------------------------------------------------------------
[2025-12-31 20:33:03] 
  Files: N/A
  Input: {}
  Output: No output
--------------------------------------------------------------------------------
[2025-12-31 20:33:10] 
  Files: N/A
  Input: {}
  Output: No output
--------------------------------------------------------------------------------
[2025-12-31 20:33:18] 
  Files: N/A
  Input: {}
  Output: No output
--------------------------------------------------------------------------------
[2025-12-31 20:33:26] 
  Files: N/A
  Input: {}
  Output: No output
--------------------------------------------------------------------------------
[2025-12-31 20:33:27] 
  Files: N/A
  Input: {}
  Output: No output
--------------------------------------------------------------------------------
[2025-12-31 20:33:33] 
  Files: N/A
  Input: {}
  Output: No output
--------------------------------------------------------------------------------
[2025-12-31 20:33:36] 
  Files: N/A
  Input: {}
  Output: No output
--------------------------------------------------------------------------------
[2025-12-31 20:33:42] 
  Files: N/A
  Input: {}
  Output: No output
--------------------------------------------------------------------------------
[2025-12-31 20:33:55] 
  Files: N/A
  Input: {}
  Output: No output
--------------------------------------------------------------------------------
[2025-12-31 20:33:59] 
  Files: N/A
  Input: {}
  Output: No output
--------------------------------------------------------------------------------
[2025-12-31 20:34:02] 
  Files: N/A
  Input: {}
  Output: No output
--------------------------------------------------------------------------------
[2025-12-31 20:34:06] 
  Files: N/A
  Input: {}
  Output: No output
--------------------------------------------------------------------------------
[2025-12-31 20:34:13] 
  Files: N/A
  Input: {}
  Output: No output
--------------------------------------------------------------------------------
[2025-12-31 20:34:14] 
  Files: N/A
  Input: {}
  Output: No output
--------------------------------------------------------------------------------
[2025-12-31 20:34:23] 
  Files: N/A
  Input: {}
  Output: No output
--------------------------------------------------------------------------------
[2025-12-31 20:34:31] 
  Files: N/A
  Input: {}
  Output: No output
--------------------------------------------------------------------------------
[2025-12-31 20:34:40] 
  Files: N/A
  Input: {}
  Output: No output
--------------------------------------------------------------------------------
[2025-12-31 20:34:40] 
  Files: N/A
  Input: {}
  Output: No output
--------------------------------------------------------------------------------
[2025-12-31 20:34:55] 
  Files: N/A
  Input: {}
  Output: No output
--------------------------------------------------------------------------------
[2025-12-31 20:34:55] 
  Files: N/A
  Input: {}
  Output: No output
--------------------------------------------------------------------------------
[2025-12-31 20:35:01] 
  Files: N/A
  Input: {}
  Output: No output
--------------------------------------------------------------------------------
[2025-12-31 20:35:10] 
  Files: N/A
  Input: {}
  Output: No output
--------------------------------------------------------------------------------
[2025-12-31 20:35:16] 
  Files: N/A
  Input: {}
  Output: No output
--------------------------------------------------------------------------------
[2025-12-31 20:35:23] 
  Files: N/A
  Input: {}
  Output: No output
--------------------------------------------------------------------------------
[2025-12-31 20:35:27] 
  Files: N/A
  Input: {}
  Output: No output
--------------------------------------------------------------------------------
[2025-12-31 20:35:30] 
  Files: N/A
  Input: {}
  Output: No output
--------------------------------------------------------------------------------
[2025-12-31 20:35:37] 
  Files: N/A
  Input: {}
  Output: No output
--------------------------------------------------------------------------------
[2025-12-31 20:35:39] 
  Files: N/A
  Input: {}
  Output: No output
--------------------------------------------------------------------------------
[2025-12-31 20:35:45] 
  Files: N/A
  Input: {}
  Output: No output
--------------------------------------------------------------------------------
[2025-12-31 20:35:53] 
  Files: N/A
  Input: {}
  Output: No output
--------------------------------------------------------------------------------
[2025-12-31 20:35:59] 
  Files: N/A
  Input: {}
  Output: No output
--------------------------------------------------------------------------------
[2025-12-31 20:36:05] 
  Files: N/A
  Input: {}
  Output: No output
--------------------------------------------------------------------------------
[2025-12-31 20:36:08] 
  Files: N/A
  Input: {}
  Output: No output
--------------------------------------------------------------------------------
[2025-12-31 20:36:14] 
  Files: N/A
  Input: {}
  Output: No output
--------------------------------------------------------------------------------
[2025-12-31 20:36:20] 
  Files: N/A
  Input: {}
  Output: No output
--------------------------------------------------------------------------------
[2025-12-31 20:36:23] 
  Files: N/A
  Input: {}
  Output: No output
--------------------------------------------------------------------------------
[2025-12-31 20:36:28] 
  Files: N/A
  Input: {}
  Output: No output
--------------------------------------------------------------------------------
[2025-12-31 20:36:38] 
  Files: N/A
  Input: {}
  Output: No output
--------------------------------------------------------------------------------
[2025-12-31 20:36:45] 
  Files: N/A
  Input: {}
  Output: No output
--------------------------------------------------------------------------------
[2025-12-31 20:36:54] 
  Files: N/A
  Input: {}
  Output: No output
--------------------------------------------------------------------------------
[2025-12-31 20:36:57] 
  Files: N/A
  Input: {}
  Output: No output
--------------------------------------------------------------------------------
[2025-12-31 20:37:02] 
  Files: N/A
  Input: {}
  Output: No output
--------------------------------------------------------------------------------
[2025-12-31 20:37:10] 
  Files: N/A
  Input: {}
  Output: No output
--------------------------------------------------------------------------------
[2025-12-31 20:37:17] 
  Files: N/A
  Input: {}
  Output: No output
--------------------------------------------------------------------------------
[2025-12-31 20:37:17] 
  Files: N/A
  Input: {}
  Output: No output
--------------------------------------------------------------------------------
[2025-12-31 20:37:25] 
  Files: N/A
  Input: {}
  Output: No output
--------------------------------------------------------------------------------
[2025-12-31 20:37:36] 
  Files: N/A
  Input: {}
  Output: No output
--------------------------------------------------------------------------------
[2025-12-31 20:37:40] 
  Files: N/A
  Input: {}
  Output: No output
--------------------------------------------------------------------------------
[2025-12-31 20:37:46] 
  Files: N/A
  Input: {}
  Output: No output
--------------------------------------------------------------------------------
[2025-12-31 20:37:53] 
  Files: N/A
  Input: {}
  Output: No output
--------------------------------------------------------------------------------
[2025-12-31 20:37:59] 
  Files: N/A
  Input: {}
  Output: No output
--------------------------------------------------------------------------------
[2025-12-31 20:38:04] 
  Files: N/A
  Input: {}
  Output: No output
--------------------------------------------------------------------------------
[2025-12-31 20:38:06] 
  Files: N/A
  Input: {}
  Output: No output
--------------------------------------------------------------------------------
[2025-12-31 20:38:13] 
  Files: N/A
  Input: {}
  Output: No output
--------------------------------------------------------------------------------
[2025-12-31 20:38:18] 
  Files: N/A
  Input: {}
  Output: No output
--------------------------------------------------------------------------------
[2025-12-31 20:38:27] 
  Files: N/A
  Input: {}
  Output: No output
--------------------------------------------------------------------------------
[2025-12-31 20:38:33] 
  Files: N/A
  Input: {}
  Output: No output
--------------------------------------------------------------------------------
[2025-12-31 20:38:35] 
  Files: N/A
  Input: {}
  Output: No output
--------------------------------------------------------------------------------
[2025-12-31 20:38:44] 
  Files: N/A
  Input: {}
  Output: No output
--------------------------------------------------------------------------------
[2025-12-31 20:38:45] 
  Files: N/A
  Input: {}
  Output: No output
--------------------------------------------------------------------------------
[2025-12-31 20:38:51] 
  Files: N/A
  Input: {}
  Output: No output
--------------------------------------------------------------------------------
[2025-12-31 20:38:59] 
  Files: N/A
  Input: {}
  Output: No output
--------------------------------------------------------------------------------
[2025-12-31 20:39:06] 
  Files: N/A
  Input: {}
  Output: No output
--------------------------------------------------------------------------------
[2025-12-31 20:39:13] 
  Files: N/A
  Input: {}
  Output: No output
--------------------------------------------------------------------------------
[2025-12-31 20:39:19] 
  Files: N/A
  Input: {}
  Output: No output
--------------------------------------------------------------------------------
[2025-12-31 20:39:25] 
  Files: N/A
  Input: {}
  Output: No output
--------------------------------------------------------------------------------
[2025-12-31 20:39:36] 
  Files: N/A
  Input: {}
  Output: No output
--------------------------------------------------------------------------------
[2025-12-31 20:42:32] 
  Files: N/A
  Input: {}
  Output: No output
--------------------------------------------------------------------------------
[2025-12-31 20:42:53] 
  Files: N/A
  Input: {}
  Output: No output
--------------------------------------------------------------------------------
[2025-12-31 20:42:59] 
  Files: N/A
  Input: {}
  Output: No output
--------------------------------------------------------------------------------
[2025-12-31 20:43:13] 
  Files: N/A
  Input: {}
  Output: No output
--------------------------------------------------------------------------------
[2025-12-31 20:43:26] 
  Files: N/A
  Input: {}
  Output: No output
--------------------------------------------------------------------------------
[2025-12-31 20:43:33] 
  Files: N/A
  Input: {}
  Output: No output
--------------------------------------------------------------------------------
[2025-12-31 20:43:43] 
  Files: N/A
  Input: {}
  Output: No output
--------------------------------------------------------------------------------
[2025-12-31 20:43:51] 
  Files: N/A
  Input: {}
  Output: No output
--------------------------------------------------------------------------------
[2025-12-31 20:43:59] 
  Files: N/A
  Input: {}
  Output: No output
--------------------------------------------------------------------------------
[2025-12-31 20:44:12] 
  Files: N/A
  Input: {}
  Output: No output
--------------------------------------------------------------------------------
[2025-12-31 20:44:19] 
  Files: N/A
  Input: {}
  Output: No output
--------------------------------------------------------------------------------
[2025-12-31 20:44:32] 
  Files: N/A
  Input: {}
  Output: No output
--------------------------------------------------------------------------------
[2025-12-31 20:44:46] 
  Files: N/A
  Input: {}
  Output: No output
--------------------------------------------------------------------------------
[2025-12-31 20:44:53] 
  Files: N/A
  Input: {}
  Output: No output
--------------------------------------------------------------------------------
[2025-12-31 20:45:05] 
  Files: N/A
  Input: {}
  Output: No output
--------------------------------------------------------------------------------
[2025-12-31 20:45:12] 
  Files: N/A
  Input: {}
  Output: No output
--------------------------------------------------------------------------------
[2025-12-31 20:45:26] 
  Files: N/A
  Input: {}
  Output: No output
--------------------------------------------------------------------------------
[2025-12-31 20:45:40] 
  Files: N/A
  Input: {}
  Output: No output
--------------------------------------------------------------------------------
[2025-12-31 20:45:47] 
  Files: N/A
  Input: {}
  Output: No output
--------------------------------------------------------------------------------
[2025-12-31 20:45:57] 
  Files: N/A
  Input: {}
  Output: No output
--------------------------------------------------------------------------------
[2025-12-31 20:46:06] 
  Files: N/A
  Input: {}
  Output: No output
--------------------------------------------------------------------------------
[2025-12-31 20:46:25] 
  Files: N/A
  Input: {}
  Output: No output
--------------------------------------------------------------------------------
[2025-12-31 20:46:26] 
  Files: N/A
  Input: {}
  Output: No output
--------------------------------------------------------------------------------
[2025-12-31 20:46:28] 
  Files: N/A
  Input: {}
  Output: No output
--------------------------------------------------------------------------------
[2025-12-31 20:46:34] 
  Files: N/A
  Input: {}
  Output: No output
--------------------------------------------------------------------------------
[2025-12-31 20:46:34] 
  Files: N/A
  Input: {}
  Output: No output
--------------------------------------------------------------------------------
[2025-12-31 20:46:38] 
  Files: N/A
  Input: {}
  Output: No output
--------------------------------------------------------------------------------
[2025-12-31 20:46:42] 
  Files: N/A
  Input: {}
  Output: No output
--------------------------------------------------------------------------------
[2025-12-31 20:46:44] 
  Files: N/A
  Input: {}
  Output: No output
--------------------------------------------------------------------------------
[2025-12-31 20:46:48] 
  Files: N/A
  Input: {}
  Output: No output
--------------------------------------------------------------------------------
[2025-12-31 20:46:52] 
  Files: N/A
  Input: {}
  Output: No output
--------------------------------------------------------------------------------
[2025-12-31 20:46:59] 
  Files: N/A
  Input: {}
  Output: No output
--------------------------------------------------------------------------------
[2025-12-31 20:47:03] 
  Files: N/A
  Input: {}
  Output: No output
--------------------------------------------------------------------------------
[2025-12-31 20:47:08] 
  Files: N/A
  Input: {}
  Output: No output
--------------------------------------------------------------------------------
[2025-12-31 20:47:12] 
  Files: N/A
  Input: {}
  Output: No output
--------------------------------------------------------------------------------
[2025-12-31 20:47:16] 
  Files: N/A
  Input: {}
  Output: No output
--------------------------------------------------------------------------------
[2025-12-31 20:47:18] 
  Files: N/A
  Input: {}
  Output: No output
--------------------------------------------------------------------------------
[2025-12-31 20:47:21] 
  Files: N/A
  Input: {}
  Output: No output
--------------------------------------------------------------------------------
[2025-12-31 20:47:26] 
  Files: N/A
  Input: {}
  Output: No output
--------------------------------------------------------------------------------
[2025-12-31 20:48:01] 
  Files: N/A
  Input: {}
  Output: No output
--------------------------------------------------------------------------------
[2025-12-31 20:48:18] 
  Files: N/A
  Input: {}
  Output: No output
--------------------------------------------------------------------------------
[2025-12-31 20:48:24] 
  Files: N/A
  Input: {}
  Output: No output
--------------------------------------------------------------------------------
[2025-12-31 20:48:30] 
  Files: N/A
  Input: {}
  Output: No output
--------------------------------------------------------------------------------
[2025-12-31 20:48:36] 
  Files: N/A
  Input: {}
  Output: No output
--------------------------------------------------------------------------------
[2025-12-31 20:48:38] 
  Files: N/A
  Input: {}
  Output: No output
--------------------------------------------------------------------------------
[2025-12-31 20:48:46] 
  Files: N/A
  Input: {}
  Output: No output
--------------------------------------------------------------------------------
[2025-12-31 20:48:49] 
  Files: N/A
  Input: {}
  Output: No output
--------------------------------------------------------------------------------
[2025-12-31 20:48:53] 
  Files: N/A
  Input: {}
  Output: No output
--------------------------------------------------------------------------------
[2025-12-31 20:49:00] 
  Files: N/A
  Input: {}
  Output: No output
--------------------------------------------------------------------------------
[2025-12-31 20:49:04] 
  Files: N/A
  Input: {}
  Output: No output
--------------------------------------------------------------------------------
[2025-12-31 20:49:09] 
  Files: N/A
  Input: {}
  Output: No output
--------------------------------------------------------------------------------
[2025-12-31 20:49:11] 
  Files: N/A
  Input: {}
  Output: No output
--------------------------------------------------------------------------------
[2025-12-31 20:49:13] 
  Files: N/A
  Input: {}
  Output: No output
--------------------------------------------------------------------------------
[2025-12-31 20:49:28] 
  Files: N/A
  Input: {}
  Output: No output
--------------------------------------------------------------------------------
[2025-12-31 20:49:31] 
  Files: N/A
  Input: {}
  Output: No output
--------------------------------------------------------------------------------
[2025-12-31 20:49:34] 
  Files: N/A
  Input: {}
  Output: No output
--------------------------------------------------------------------------------
[2025-12-31 20:49:38] 
  Files: N/A
  Input: {}
  Output: No output
--------------------------------------------------------------------------------
[2025-12-31 20:49:40] 
  Files: N/A
  Input: {}
  Output: No output
--------------------------------------------------------------------------------
[2025-12-31 20:49:55] 
  Files: N/A
  Input: {}
  Output: No output
--------------------------------------------------------------------------------
[2025-12-31 20:49:57] 
  Files: N/A
  Input: {}
  Output: No output
--------------------------------------------------------------------------------
[2025-12-31 20:50:05] 
  Files: N/A
  Input: {}
  Output: No output
--------------------------------------------------------------------------------
[2025-12-31 20:50:13] 
  Files: N/A
  Input: {}
  Output: No output
--------------------------------------------------------------------------------
[2025-12-31 20:50:20] 
  Files: N/A
  Input: {}
  Output: No output
--------------------------------------------------------------------------------
[2025-12-31 20:50:22] 
  Files: N/A
  Input: {}
  Output: No output
--------------------------------------------------------------------------------
[2025-12-31 20:50:28] 
  Files: N/A
  Input: {}
  Output: No output
--------------------------------------------------------------------------------
[2025-12-31 20:50:30] 
  Files: N/A
  Input: {}
  Output: No output
--------------------------------------------------------------------------------
[2025-12-31 20:50:40] 
  Files: N/A
  Input: {}
  Output: No output
--------------------------------------------------------------------------------
[2025-12-31 20:50:43] 
  Files: N/A
  Input: {}
  Output: No output
--------------------------------------------------------------------------------
[2025-12-31 20:50:47] 
  Files: N/A
  Input: {}
  Output: No output
--------------------------------------------------------------------------------
[2025-12-31 20:50:58] 
  Files: N/A
  Input: {}
  Output: No output
--------------------------------------------------------------------------------
[2025-12-31 20:51:15] 
  Files: N/A
  Input: {}
  Output: No output
--------------------------------------------------------------------------------
[2025-12-31 20:51:21] 
  Files: N/A
  Input: {}
  Output: No output
--------------------------------------------------------------------------------
[2025-12-31 20:51:24] 
  Files: N/A
  Input: {}
  Output: No output
--------------------------------------------------------------------------------
[2025-12-31 20:51:31] 
  Files: N/A
  Input: {}
  Output: No output
--------------------------------------------------------------------------------
[2025-12-31 20:51:43] 
  Files: N/A
  Input: {}
  Output: No output
--------------------------------------------------------------------------------
[2025-12-31 20:51:45] 
  Files: N/A
  Input: {}
  Output: No output
--------------------------------------------------------------------------------
[2025-12-31 20:52:04] 
  Files: N/A
  Input: {}
  Output: No output
--------------------------------------------------------------------------------
[2025-12-31 20:52:12] 
  Files: N/A
  Input: {}
  Output: No output
--------------------------------------------------------------------------------
[2025-12-31 20:52:15] 
  Files: N/A
  Input: {}
  Output: No output
--------------------------------------------------------------------------------
[2025-12-31 20:52:32] 
  Files: N/A
  Input: {}
  Output: No output
--------------------------------------------------------------------------------
[2025-12-31 20:52:39] 
  Files: N/A
  Input: {}
  Output: No output
--------------------------------------------------------------------------------
[2025-12-31 20:52:48] 
  Files: N/A
  Input: {}
  Output: No output
--------------------------------------------------------------------------------
[2025-12-31 20:52:55] 
  Files: N/A
  Input: {}
  Output: No output
--------------------------------------------------------------------------------
[2025-12-31 20:53:00] 
  Files: N/A
  Input: {}
  Output: No output
--------------------------------------------------------------------------------
[2025-12-31 20:53:03] 
  Files: N/A
  Input: {}
  Output: No output
--------------------------------------------------------------------------------
[2025-12-31 20:53:12] 
  Files: N/A
  Input: {}
  Output: No output
--------------------------------------------------------------------------------
[2025-12-31 20:53:20] 
  Files: N/A
  Input: {}
  Output: No output
--------------------------------------------------------------------------------
[2025-12-31 20:53:29] 
  Files: N/A
  Input: {}
  Output: No output
--------------------------------------------------------------------------------
[2025-12-31 20:53:32] 
  Files: N/A
  Input: {}
  Output: No output
--------------------------------------------------------------------------------
[2025-12-31 20:53:38] 
  Files: N/A
  Input: {}
  Output: No output
--------------------------------------------------------------------------------
[2025-12-31 20:53:46] 
  Files: N/A
  Input: {}
  Output: No output
--------------------------------------------------------------------------------
[2025-12-31 20:53:53] 
  Files: N/A
  Input: {}
  Output: No output
--------------------------------------------------------------------------------
[2025-12-31 20:54:01] 
  Files: N/A
  Input: {}
  Output: No output
--------------------------------------------------------------------------------
[2025-12-31 20:54:29] 
  Files: N/A
  Input: {}
  Output: No output
--------------------------------------------------------------------------------
[2025-12-31 20:54:41] 
  Files: N/A
  Input: {}
  Output: No output
--------------------------------------------------------------------------------
[2025-12-31 20:54:44] 
  Files: N/A
  Input: {}
  Output: No output
--------------------------------------------------------------------------------
[2025-12-31 20:54:51] 
  Files: N/A
  Input: {}
  Output: No output
--------------------------------------------------------------------------------
[2025-12-31 20:54:58] 
  Files: N/A
  Input: {}
  Output: No output
--------------------------------------------------------------------------------
[2025-12-31 20:55:07] 
  Files: N/A
  Input: {}
  Output: No output
--------------------------------------------------------------------------------
[2025-12-31 20:55:29] 
  Files: N/A
  Input: {}
  Output: No output
--------------------------------------------------------------------------------
[2025-12-31 20:55:38] 
  Files: N/A
  Input: {}
  Output: No output
--------------------------------------------------------------------------------
[2025-12-31 20:55:55] 
  Files: N/A
  Input: {}
  Output: No output
--------------------------------------------------------------------------------
[2025-12-31 20:55:57] 
  Files: N/A
  Input: {}
  Output: No output
--------------------------------------------------------------------------------
[2025-12-31 20:56:18] 
  Files: N/A
  Input: {}
  Output: No output
--------------------------------------------------------------------------------
[2025-12-31 20:56:42] 
  Files: N/A
  Input: {}
  Output: No output
--------------------------------------------------------------------------------
[2025-12-31 20:56:52] 
  Files: N/A
  Input: {}
  Output: No output
--------------------------------------------------------------------------------
[2025-12-31 20:57:01] 
  Files: N/A
  Input: {}
  Output: No output
--------------------------------------------------------------------------------
[2025-12-31 20:57:12] 
  Files: N/A
  Input: {}
  Output: No output
--------------------------------------------------------------------------------
[2025-12-31 20:57:17] 
  Files: N/A
  Input: {}
  Output: No output
--------------------------------------------------------------------------------
[2025-12-31 20:57:20] 
  Files: N/A
  Input: {}
  Output: No output
--------------------------------------------------------------------------------
[2025-12-31 20:57:26] 
  Files: N/A
  Input: {}
  Output: No output
--------------------------------------------------------------------------------
[2025-12-31 20:57:30] 
  Files: N/A
  Input: {}
  Output: No output
--------------------------------------------------------------------------------
[2025-12-31 20:57:42] 
  Files: N/A
  Input: {}
  Output: No output
--------------------------------------------------------------------------------
[2025-12-31 20:57:49] 
  Files: N/A
  Input: {}
  Output: No output
--------------------------------------------------------------------------------
[2025-12-31 20:58:03] 
  Files: N/A
  Input: {}
  Output: No output
--------------------------------------------------------------------------------
[2025-12-31 20:58:18] 
  Files: N/A
  Input: {}
  Output: No output
--------------------------------------------------------------------------------
[2025-12-31 20:58:28] 
  Files: N/A
  Input: {}
  Output: No output
--------------------------------------------------------------------------------
[2025-12-31 20:58:44] 
  Files: N/A
  Input: {}
  Output: No output
--------------------------------------------------------------------------------
[2025-12-31 20:58:51] 
  Files: N/A
  Input: {}
  Output: No output
--------------------------------------------------------------------------------
[2025-12-31 20:59:10] 
  Files: N/A
  Input: {}
  Output: No output
--------------------------------------------------------------------------------
[2025-12-31 20:59:19] 
  Files: N/A
  Input: {}
  Output: No output
--------------------------------------------------------------------------------
[2025-12-31 20:59:45] 
  Files: N/A
  Input: {}
  Output: No output
--------------------------------------------------------------------------------
[2025-12-31 20:59:49] 
  Files: N/A
  Input: {}
  Output: No output
--------------------------------------------------------------------------------
[2025-12-31 20:59:55] 
  Files: N/A
  Input: {}
  Output: No output
--------------------------------------------------------------------------------
[2025-12-31 21:00:01] 
  Files: N/A
  Input: {}
  Output: No output
--------------------------------------------------------------------------------
[2025-12-31 21:00:07] 
  Files: N/A
  Input: {}
  Output: No output
--------------------------------------------------------------------------------
[2025-12-31 21:00:15] 
  Files: N/A
  Input: {}
  Output: No output
--------------------------------------------------------------------------------
[2025-12-31 21:00:24] 
  Files: N/A
  Input: {}
  Output: No output
--------------------------------------------------------------------------------
[2025-12-31 21:00:30] 
  Files: N/A
  Input: {}
  Output: No output
--------------------------------------------------------------------------------
[2025-12-31 21:00:37] 
  Files: N/A
  Input: {}
  Output: No output
--------------------------------------------------------------------------------
[2025-12-31 21:00:43] 
  Files: N/A
  Input: {}
  Output: No output
--------------------------------------------------------------------------------
[2025-12-31 21:00:50] 
  Files: N/A
  Input: {}
  Output: No output
--------------------------------------------------------------------------------
[2025-12-31 21:00:57] 
  Files: N/A
  Input: {}
  Output: No output
--------------------------------------------------------------------------------
[2025-12-31 21:01:06] 
  Files: N/A
  Input: {}
  Output: No output
--------------------------------------------------------------------------------
[2025-12-31 21:01:15] 
  Files: N/A
  Input: {}
  Output: No output
--------------------------------------------------------------------------------
[2025-12-31 21:01:37] 
  Files: N/A
  Input: {}
  Output: No output
--------------------------------------------------------------------------------
[2025-12-31 21:01:45] 
  Files: N/A
  Input: {}
  Output: No output
--------------------------------------------------------------------------------
[2025-12-31 21:02:15] 
  Files: N/A
  Input: {}
  Output: No output
--------------------------------------------------------------------------------
[2025-12-31 21:02:18] 
  Files: N/A
  Input: {}
  Output: No output
--------------------------------------------------------------------------------
[2025-12-31 21:02:18] 
  Files: N/A
  Input: {}
  Output: No output
--------------------------------------------------------------------------------
[2025-12-31 21:02:20] 
  Files: N/A
  Input: {}
  Output: No output
--------------------------------------------------------------------------------
[2025-12-31 21:02:23] 
  Files: N/A
  Input: {}
  Output: No output
--------------------------------------------------------------------------------
[2025-12-31 21:02:23] 
  Files: N/A
  Input: {}
  Output: No output
--------------------------------------------------------------------------------
[2025-12-31 21:02:27] 
  Files: N/A
  Input: {}
  Output: No output
--------------------------------------------------------------------------------
[2025-12-31 21:02:27] 
  Files: N/A
  Input: {}
  Output: No output
--------------------------------------------------------------------------------
[2025-12-31 21:02:29] 
  Files: N/A
  Input: {}
  Output: No output
--------------------------------------------------------------------------------
[2025-12-31 21:02:33] 
  Files: N/A
  Input: {}
  Output: No output
--------------------------------------------------------------------------------
[2025-12-31 21:02:35] 
  Files: N/A
  Input: {}
  Output: No output
--------------------------------------------------------------------------------
[2025-12-31 21:02:38] 
  Files: N/A
  Input: {}
  Output: No output
--------------------------------------------------------------------------------
[2025-12-31 21:02:39] 
  Files: N/A
  Input: {}
  Output: No output
--------------------------------------------------------------------------------
[2025-12-31 21:02:40] 
  Files: N/A
  Input: {}
  Output: No output
--------------------------------------------------------------------------------
[2025-12-31 21:02:46] 
  Files: N/A
  Input: {}
  Output: No output
--------------------------------------------------------------------------------
[2025-12-31 21:02:46] 
  Files: N/A
  Input: {}
  Output: No output
--------------------------------------------------------------------------------
[2025-12-31 21:02:46] 
  Files: N/A
  Input: {}
  Output: No output
--------------------------------------------------------------------------------
[2025-12-31 21:02:48] 
  Files: N/A
  Input: {}
  Output: No output
--------------------------------------------------------------------------------
[2025-12-31 21:02:54] 
  Files: N/A
  Input: {}
  Output: No output
--------------------------------------------------------------------------------
[2025-12-31 21:02:56] 
  Files: N/A
  Input: {}
  Output: No output
--------------------------------------------------------------------------------
[2025-12-31 21:02:59] 
  Files: N/A
  Input: {}
  Output: No output
--------------------------------------------------------------------------------
[2025-12-31 21:03:01] 
  Files: N/A
  Input: {}
  Output: No output
--------------------------------------------------------------------------------
[2025-12-31 21:03:03] 
  Files: N/A
  Input: {}
  Output: No output
--------------------------------------------------------------------------------
[2025-12-31 21:03:06] 
  Files: N/A
  Input: {}
  Output: No output
--------------------------------------------------------------------------------
[2025-12-31 21:03:07] 
  Files: N/A
  Input: {}
  Output: No output
--------------------------------------------------------------------------------
[2025-12-31 21:03:10] 
  Files: N/A
  Input: {}
  Output: No output
--------------------------------------------------------------------------------
[2025-12-31 21:03:16] 
  Files: N/A
  Input: {}
  Output: No output
--------------------------------------------------------------------------------
[2025-12-31 21:03:17] 
  Files: N/A
  Input: {}
  Output: No output
--------------------------------------------------------------------------------
[2025-12-31 21:03:24] 
  Files: N/A
  Input: {}
  Output: No output
--------------------------------------------------------------------------------
[2025-12-31 21:03:25] 
  Files: N/A
  Input: {}
  Output: No output
--------------------------------------------------------------------------------
[2025-12-31 21:03:37] 
  Files: N/A
  Input: {}
  Output: No output
--------------------------------------------------------------------------------
[2025-12-31 21:03:44] 
  Files: N/A
  Input: {}
  Output: No output
--------------------------------------------------------------------------------
[2025-12-31 21:03:54] 
  Files: N/A
  Input: {}
  Output: No output
--------------------------------------------------------------------------------
[2025-12-31 21:03:56] 
  Files: N/A
  Input: {}
  Output: No output
--------------------------------------------------------------------------------
[2025-12-31 21:04:06] 
  Files: N/A
  Input: {}
  Output: No output
--------------------------------------------------------------------------------
[2025-12-31 21:04:10] 
  Files: N/A
  Input: {}
  Output: No output
--------------------------------------------------------------------------------
[2025-12-31 21:04:15] 
  Files: N/A
  Input: {}
  Output: No output
--------------------------------------------------------------------------------
[2025-12-31 21:04:16] 
  Files: N/A
  Input: {}
  Output: No output
--------------------------------------------------------------------------------
[2025-12-31 21:04:37] 
  Files: N/A
  Input: {}
  Output: No output
--------------------------------------------------------------------------------
[2025-12-31 21:04:39] 
  Files: N/A
  Input: {}
  Output: No output
--------------------------------------------------------------------------------
[2025-12-31 21:04:48] 
  Files: N/A
  Input: {}
  Output: No output
--------------------------------------------------------------------------------
[2025-12-31 21:05:00] 
  Files: N/A
  Input: {}
  Output: No output
--------------------------------------------------------------------------------
[2025-12-31 21:05:05] 
  Files: N/A
  Input: {}
  Output: No output
--------------------------------------------------------------------------------
[2025-12-31 21:05:12] 
  Files: N/A
  Input: {}
  Output: No output
--------------------------------------------------------------------------------
[2025-12-31 21:05:28] 
  Files: N/A
  Input: {}
  Output: No output
--------------------------------------------------------------------------------
[2025-12-31 21:05:50] 
  Files: N/A
  Input: {}
  Output: No output
--------------------------------------------------------------------------------
[2025-12-31 21:05:54] 
  Files: N/A
  Input: {}
  Output: No output
--------------------------------------------------------------------------------
[2025-12-31 21:06:07] 
  Files: N/A
  Input: {}
  Output: No output
--------------------------------------------------------------------------------
[2025-12-31 21:06:22] 
  Files: N/A
  Input: {}
  Output: No output
--------------------------------------------------------------------------------
[2025-12-31 21:06:23] 
  Files: N/A
  Input: {}
  Output: No output
--------------------------------------------------------------------------------
[2025-12-31 21:06:41] 
  Files: N/A
  Input: {}
  Output: No output
--------------------------------------------------------------------------------
[2025-12-31 21:06:47] 
  Files: N/A
  Input: {}
  Output: No output
--------------------------------------------------------------------------------
[2025-12-31 21:06:51] 
  Files: N/A
  Input: {}
  Output: No output
--------------------------------------------------------------------------------
[2025-12-31 21:07:28] 
  Files: N/A
  Input: {}
  Output: No output
--------------------------------------------------------------------------------
[2025-12-31 21:07:37] 
  Files: N/A
  Input: {}
  Output: No output
--------------------------------------------------------------------------------
[2025-12-31 21:07:44] 
  Files: N/A
  Input: {}
  Output: No output
--------------------------------------------------------------------------------
[2025-12-31 21:07:47] 
  Files: N/A
  Input: {}
  Output: No output
--------------------------------------------------------------------------------
[2025-12-31 21:07:47] 
  Files: N/A
  Input: {}
  Output: No output
--------------------------------------------------------------------------------
[2025-12-31 21:07:52] 
  Files: N/A
  Input: {}
  Output: No output
--------------------------------------------------------------------------------
[2025-12-31 21:08:28] 
  Files: N/A
  Input: {}
  Output: No output
--------------------------------------------------------------------------------
[2025-12-31 21:08:46] 
  Files: N/A
  Input: {}
  Output: No output
--------------------------------------------------------------------------------
[2025-12-31 21:08:59] 
  Files: N/A
  Input: {}
  Output: No output
--------------------------------------------------------------------------------
[2025-12-31 21:09:24] 
  Files: N/A
  Input: {}
  Output: No output
--------------------------------------------------------------------------------
[2025-12-31 21:09:26] 
  Files: N/A
  Input: {}
  Output: No output
--------------------------------------------------------------------------------
[2025-12-31 21:09:31] 
  Files: N/A
  Input: {}
  Output: No output
--------------------------------------------------------------------------------
[2025-12-31 21:09:43] 
  Files: N/A
  Input: {}
  Output: No output
--------------------------------------------------------------------------------
[2025-12-31 21:09:59] 
  Files: N/A
  Input: {}
  Output: No output
--------------------------------------------------------------------------------
[2025-12-31 21:10:07] 
  Files: N/A
  Input: {}
  Output: No output
--------------------------------------------------------------------------------
[2025-12-31 21:10:11] 
  Files: N/A
  Input: {}
  Output: No output
--------------------------------------------------------------------------------
[2025-12-31 21:10:16] 
  Files: N/A
  Input: {}
  Output: No output
--------------------------------------------------------------------------------
[2025-12-31 21:10:25] 
  Files: N/A
  Input: {}
  Output: No output
--------------------------------------------------------------------------------
[2025-12-31 21:10:28] 
  Files: N/A
  Input: {}
  Output: No output
--------------------------------------------------------------------------------
[2025-12-31 21:10:38] 
  Files: N/A
  Input: {}
  Output: No output
--------------------------------------------------------------------------------
[2025-12-31 21:10:44] 
  Files: N/A
  Input: {}
  Output: No output
--------------------------------------------------------------------------------
[2025-12-31 21:10:49] 
  Files: N/A
  Input: {}
  Output: No output
--------------------------------------------------------------------------------
[2025-12-31 21:10:55] 
  Files: N/A
  Input: {}
  Output: No output
--------------------------------------------------------------------------------
[2025-12-31 21:10:56] 
  Files: N/A
  Input: {}
  Output: No output
--------------------------------------------------------------------------------
[2025-12-31 21:11:03] 
  Files: N/A
  Input: {}
  Output: No output
--------------------------------------------------------------------------------
[2025-12-31 21:11:19] 
  Files: N/A
  Input: {}
  Output: No output
--------------------------------------------------------------------------------
[2025-12-31 21:11:24] 
  Files: N/A
  Input: {}
  Output: No output
--------------------------------------------------------------------------------
[2025-12-31 21:11:33] 
  Files: N/A
  Input: {}
  Output: No output
--------------------------------------------------------------------------------
[2025-12-31 21:11:37] 
  Files: N/A
  Input: {}
  Output: No output
--------------------------------------------------------------------------------
[2025-12-31 21:11:47] 
  Files: N/A
  Input: {}
  Output: No output
--------------------------------------------------------------------------------
[2025-12-31 21:11:57] 
  Files: N/A
  Input: {}
  Output: No output
--------------------------------------------------------------------------------
[2025-12-31 21:12:10] 
  Files: N/A
  Input: {}
  Output: No output
--------------------------------------------------------------------------------
[2025-12-31 21:13:07] 
  Files: N/A
  Input: {}
  Output: No output
--------------------------------------------------------------------------------
[2025-12-31 21:13:18] 
  Files: N/A
  Input: {}
  Output: No output
--------------------------------------------------------------------------------
[2025-12-31 21:13:42] 
  Files: N/A
  Input: {}
  Output: No output
--------------------------------------------------------------------------------
[2025-12-31 21:13:55] 
  Files: N/A
  Input: {}
  Output: No output
--------------------------------------------------------------------------------
[2025-12-31 21:14:23] 
  Files: N/A
  Input: {}
  Output: No output
--------------------------------------------------------------------------------
[2025-12-31 21:14:33] 
  Files: N/A
  Input: {}
  Output: No output
--------------------------------------------------------------------------------
[2025-12-31 21:16:33] 
  Files: N/A
  Input: {}
  Output: No output
--------------------------------------------------------------------------------
[2025-12-31 21:16:57] 
  Files: N/A
  Input: {}
  Output: No output
--------------------------------------------------------------------------------
[2025-12-31 21:17:45] 
  Files: N/A
  Input: {}
  Output: No output
--------------------------------------------------------------------------------
[2025-12-31 21:19:55] 
  Files: N/A
  Input: {}
  Output: No output
--------------------------------------------------------------------------------
[2025-12-31 21:20:05] 
  Files: N/A
  Input: {}
  Output: No output
--------------------------------------------------------------------------------
[2025-12-31 21:20:18] 
  Files: N/A
  Input: {}
  Output: No output
--------------------------------------------------------------------------------
[2025-12-31 21:20:49] 
  Files: N/A
  Input: {}
  Output: No output
--------------------------------------------------------------------------------
[2025-12-31 21:21:07] 
  Files: N/A
  Input: {}
  Output: No output
--------------------------------------------------------------------------------
[2025-12-31 21:21:21] 
  Files: N/A
  Input: {}
  Output: No output
--------------------------------------------------------------------------------
[2025-12-31 21:21:37] 
  Files: N/A
  Input: {}
  Output: No output
--------------------------------------------------------------------------------
[2025-12-31 21:23:01] 
  Files: N/A
  Input: {}
  Output: No output
--------------------------------------------------------------------------------
[2025-12-31 21:23:14] 
  Files: N/A
  Input: {}
  Output: No output
--------------------------------------------------------------------------------
[2025-12-31 21:24:34] 
  Files: N/A
  Input: {}
  Output: No output
--------------------------------------------------------------------------------
[2025-12-31 21:24:34] 
  Files: N/A
  Input: {}
  Output: No output
--------------------------------------------------------------------------------
[2025-12-31 21:24:34] 
  Files: N/A
  Input: {}
  Output: No output
--------------------------------------------------------------------------------
[2025-12-31 21:24:34] 
  Files: N/A
  Input: {}
  Output: No output
--------------------------------------------------------------------------------
[2025-12-31 21:24:42] 
  Files: N/A
  Input: {}
  Output: No output
--------------------------------------------------------------------------------
[2025-12-31 21:24:42] 
  Files: N/A
  Input: {}
  Output: No output
--------------------------------------------------------------------------------
[2025-12-31 21:24:42] 
  Files: N/A
  Input: {}
  Output: No output
--------------------------------------------------------------------------------
[2025-12-31 21:24:48] 
  Files: N/A
  Input: {}
  Output: No output
--------------------------------------------------------------------------------
[2025-12-31 21:24:54] 
  Files: N/A
  Input: {}
  Output: No output
--------------------------------------------------------------------------------
[2025-12-31 21:25:02] 
  Files: N/A
  Input: {}
  Output: No output
--------------------------------------------------------------------------------
[2025-12-31 21:25:11] 
  Files: N/A
  Input: {}
  Output: No output
--------------------------------------------------------------------------------
[2025-12-31 21:25:16] 
  Files: N/A
  Input: {}
  Output: No output
--------------------------------------------------------------------------------
[2025-12-31 21:25:20] 
  Files: N/A
  Input: {}
  Output: No output
--------------------------------------------------------------------------------
[2025-12-31 21:25:25] 
  Files: N/A
  Input: {}
  Output: No output
--------------------------------------------------------------------------------
[2025-12-31 21:25:29] 
  Files: N/A
  Input: {}
  Output: No output
--------------------------------------------------------------------------------
[2025-12-31 21:25:34] 
  Files: N/A
  Input: {}
  Output: No output
--------------------------------------------------------------------------------
[2025-12-31 21:25:45] 
  Files: N/A
  Input: {}
  Output: No output
--------------------------------------------------------------------------------
[2025-12-31 21:25:50] 
  Files: N/A
  Input: {}
  Output: No output
--------------------------------------------------------------------------------
[2025-12-31 21:25:54] 
  Files: N/A
  Input: {}
  Output: No output
--------------------------------------------------------------------------------
[2025-12-31 21:26:01] 
  Files: N/A
  Input: {}
  Output: No output
--------------------------------------------------------------------------------
[2025-12-31 21:26:12] 
  Files: N/A
  Input: {}
  Output: No output
--------------------------------------------------------------------------------
[2025-12-31 21:26:19] 
  Files: N/A
  Input: {}
  Output: No output
--------------------------------------------------------------------------------
[2025-12-31 21:26:23] 
  Files: N/A
  Input: {}
  Output: No output
--------------------------------------------------------------------------------
[2025-12-31 21:26:32] 
  Files: N/A
  Input: {}
  Output: No output
--------------------------------------------------------------------------------
[2025-12-31 21:26:39] 
  Files: N/A
  Input: {}
  Output: No output
--------------------------------------------------------------------------------
[2025-12-31 21:26:46] 
  Files: N/A
  Input: {}
  Output: No output
--------------------------------------------------------------------------------
[2025-12-31 21:26:52] 
  Files: N/A
  Input: {}
  Output: No output
--------------------------------------------------------------------------------
[2025-12-31 21:26:56] 
  Files: N/A
  Input: {}
  Output: No output
--------------------------------------------------------------------------------
[2025-12-31 21:27:24] 
  Files: N/A
  Input: {}
  Output: No output
--------------------------------------------------------------------------------
[2025-12-31 21:27:34] 
  Files: N/A
  Input: {}
  Output: No output
--------------------------------------------------------------------------------
[2025-12-31 21:27:40] 
  Files: N/A
  Input: {}
  Output: No output
--------------------------------------------------------------------------------
[2025-12-31 21:27:53] 
  Files: N/A
  Input: {}
  Output: No output
--------------------------------------------------------------------------------
[2025-12-31 21:27:59] 
  Files: N/A
  Input: {}
  Output: No output
--------------------------------------------------------------------------------
[2025-12-31 21:28:05] 
  Files: N/A
  Input: {}
  Output: No output
--------------------------------------------------------------------------------
[2025-12-31 21:28:13] 
  Files: N/A
  Input: {}
  Output: No output
--------------------------------------------------------------------------------
[2025-12-31 21:28:21] 
  Files: N/A
  Input: {}
  Output: No output
--------------------------------------------------------------------------------
[2025-12-31 21:28:28] 
  Files: N/A
  Input: {}
  Output: No output
--------------------------------------------------------------------------------
[2025-12-31 21:28:37] 
  Files: N/A
  Input: {}
  Output: No output
--------------------------------------------------------------------------------
[2025-12-31 21:28:42] 
  Files: N/A
  Input: {}
  Output: No output
--------------------------------------------------------------------------------
[2025-12-31 21:29:04] 
  Files: N/A
  Input: {}
  Output: No output
--------------------------------------------------------------------------------
[2025-12-31 21:29:08] 
  Files: N/A
  Input: {}
  Output: No output
--------------------------------------------------------------------------------
[2025-12-31 21:29:21] 
  Files: N/A
  Input: {}
  Output: No output
--------------------------------------------------------------------------------
[2025-12-31 21:29:28] 
  Files: N/A
  Input: {}
  Output: No output
--------------------------------------------------------------------------------
[2025-12-31 21:29:36] 
  Files: N/A
  Input: {}
  Output: No output
--------------------------------------------------------------------------------
[2025-12-31 21:29:51] 
  Files: N/A
  Input: {}
  Output: No output
--------------------------------------------------------------------------------
[2025-12-31 21:30:00] 
  Files: N/A
  Input: {}
  Output: No output
--------------------------------------------------------------------------------
[2025-12-31 21:30:05] 
  Files: N/A
  Input: {}
  Output: No output
--------------------------------------------------------------------------------
[2025-12-31 21:30:10] 
  Files: N/A
  Input: {}
  Output: No output
--------------------------------------------------------------------------------
[2025-12-31 21:30:15] 
  Files: N/A
  Input: {}
  Output: No output
--------------------------------------------------------------------------------
[2025-12-31 21:30:20] 
  Files: N/A
  Input: {}
  Output: No output
--------------------------------------------------------------------------------
[2025-12-31 21:30:24] 
  Files: N/A
  Input: {}
  Output: No output
--------------------------------------------------------------------------------
[2025-12-31 21:30:32] 
  Files: N/A
  Input: {}
  Output: No output
--------------------------------------------------------------------------------
[2025-12-31 21:30:38] 
  Files: N/A
  Input: {}
  Output: No output
--------------------------------------------------------------------------------
[2025-12-31 21:30:45] 
  Files: N/A
  Input: {}
  Output: No output
--------------------------------------------------------------------------------
[2025-12-31 21:30:57] 
  Files: N/A
  Input: {}
  Output: No output
--------------------------------------------------------------------------------
[2025-12-31 21:31:06] 
  Files: N/A
  Input: {}
  Output: No output
--------------------------------------------------------------------------------
[2025-12-31 21:31:17] 
  Files: N/A
  Input: {}
  Output: No output
--------------------------------------------------------------------------------
[2025-12-31 21:31:22] 
  Files: N/A
  Input: {}
  Output: No output
--------------------------------------------------------------------------------
[2025-12-31 21:31:27] 
  Files: N/A
  Input: {}
  Output: No output
--------------------------------------------------------------------------------
[2025-12-31 21:31:38] 
  Files: N/A
  Input: {}
  Output: No output
--------------------------------------------------------------------------------
[2025-12-31 21:31:46] 
  Files: N/A
  Input: {}
  Output: No output
--------------------------------------------------------------------------------
[2025-12-31 21:31:56] 
  Files: N/A
  Input: {}
  Output: No output
--------------------------------------------------------------------------------
[2025-12-31 21:32:03] 
  Files: N/A
  Input: {}
  Output: No output
--------------------------------------------------------------------------------
[2025-12-31 21:32:10] 
  Files: N/A
  Input: {}
  Output: No output
--------------------------------------------------------------------------------
[2025-12-31 21:32:22] 
  Files: N/A
  Input: {}
  Output: No output
--------------------------------------------------------------------------------
[2025-12-31 21:32:31] 
  Files: N/A
  Input: {}
  Output: No output
--------------------------------------------------------------------------------
[2025-12-31 21:32:37] 
  Files: N/A
  Input: {}
  Output: No output
--------------------------------------------------------------------------------
[2025-12-31 21:32:44] 
  Files: N/A
  Input: {}
  Output: No output
--------------------------------------------------------------------------------
[2025-12-31 21:32:50] 
  Files: N/A
  Input: {}
  Output: No output
--------------------------------------------------------------------------------
[2025-12-31 21:32:56] 
  Files: N/A
  Input: {}
  Output: No output
--------------------------------------------------------------------------------
[2025-12-31 21:33:03] 
  Files: N/A
  Input: {}
  Output: No output
--------------------------------------------------------------------------------
[2025-12-31 21:33:13] 
  Files: N/A
  Input: {}
  Output: No output
--------------------------------------------------------------------------------
[2025-12-31 21:33:19] 
  Files: N/A
  Input: {}
  Output: No output
--------------------------------------------------------------------------------
[2025-12-31 21:33:32] 
  Files: N/A
  Input: {}
  Output: No output
--------------------------------------------------------------------------------
[2025-12-31 21:33:38] 
  Files: N/A
  Input: {}
  Output: No output
--------------------------------------------------------------------------------
[2025-12-31 21:34:22] 
  Files: N/A
  Input: {}
  Output: No output
--------------------------------------------------------------------------------
[2025-12-31 21:34:38] 
  Files: N/A
  Input: {}
  Output: No output
--------------------------------------------------------------------------------
[2025-12-31 21:40:05] 
  Files: N/A
  Input: {}
  Output: No output
--------------------------------------------------------------------------------
[2025-12-31 21:40:05] 
  Files: N/A
  Input: {}
  Output: No output
--------------------------------------------------------------------------------
[2025-12-31 21:40:05] 
  Files: N/A
  Input: {}
  Output: No output
--------------------------------------------------------------------------------
[2025-12-31 21:40:13] 
  Files: N/A
  Input: {}
  Output: No output
--------------------------------------------------------------------------------
[2025-12-31 21:40:16] 
  Files: N/A
  Input: {}
  Output: No output
--------------------------------------------------------------------------------
[2025-12-31 21:42:23] 
  Files: N/A
  Input: {}
  Output: No output
--------------------------------------------------------------------------------
[2025-12-31 21:42:23] 
  Files: N/A
  Input: {}
  Output: No output
--------------------------------------------------------------------------------
[2025-12-31 21:42:23] 
  Files: N/A
  Input: {}
  Output: No output
--------------------------------------------------------------------------------
[2025-12-31 21:42:33] 
  Files: N/A
  Input: {}
  Output: No output
--------------------------------------------------------------------------------
[2025-12-31 21:42:33] 
  Files: N/A
  Input: {}
  Output: No output
--------------------------------------------------------------------------------
[2025-12-31 21:42:34] 
  Files: N/A
  Input: {}
  Output: No output
--------------------------------------------------------------------------------
[2025-12-31 21:42:36] 
  Files: N/A
  Input: {}
  Output: No output
--------------------------------------------------------------------------------
[2025-12-31 21:42:37] 
  Files: N/A
  Input: {}
  Output: No output
--------------------------------------------------------------------------------
[2025-12-31 21:42:46] 
  Files: N/A
  Input: {}
  Output: No output
--------------------------------------------------------------------------------
[2025-12-31 21:42:54] 
  Files: N/A
  Input: {}
  Output: No output
--------------------------------------------------------------------------------
[2025-12-31 21:42:54] 
  Files: N/A
  Input: {}
  Output: No output
--------------------------------------------------------------------------------
[2025-12-31 21:42:54] 
  Files: N/A
  Input: {}
  Output: No output
--------------------------------------------------------------------------------
[2025-12-31 21:42:55] 
  Files: N/A
  Input: {}
  Output: No output
--------------------------------------------------------------------------------
[2025-12-31 21:42:56] 
  Files: N/A
  Input: {}
  Output: No output
--------------------------------------------------------------------------------
[2025-12-31 21:43:08] 
  Files: N/A
  Input: {}
  Output: No output
--------------------------------------------------------------------------------
[2025-12-31 21:43:09] 
  Files: N/A
  Input: {}
  Output: No output
--------------------------------------------------------------------------------
[2025-12-31 21:43:09] 
  Files: N/A
  Input: {}
  Output: No output
--------------------------------------------------------------------------------
[2025-12-31 21:43:10] 
  Files: N/A
  Input: {}
  Output: No output
--------------------------------------------------------------------------------
[2025-12-31 21:43:32] 
  Files: N/A
  Input: {}
  Output: No output
--------------------------------------------------------------------------------
[2025-12-31 21:43:33] 
  Files: N/A
  Input: {}
  Output: No output
--------------------------------------------------------------------------------
[2025-12-31 21:43:33] 
  Files: N/A
  Input: {}
  Output: No output
--------------------------------------------------------------------------------
[2025-12-31 21:43:33] 
  Files: N/A
  Input: {}
  Output: No output
--------------------------------------------------------------------------------
[2025-12-31 21:43:33] 
  Files: N/A
  Input: {}
  Output: No output
--------------------------------------------------------------------------------
[2025-12-31 21:43:33] 
  Files: N/A
  Input: {}
  Output: No output
--------------------------------------------------------------------------------
[2025-12-31 21:43:34] 
  Files: N/A
  Input: {}
  Output: No output
--------------------------------------------------------------------------------
[2025-12-31 21:43:38] 
  Files: N/A
  Input: {}
  Output: No output
--------------------------------------------------------------------------------
[2025-12-31 21:44:05] 
  Files: N/A
  Input: {}
  Output: No output
--------------------------------------------------------------------------------
[2025-12-31 21:44:06] 
  Files: N/A
  Input: {}
  Output: No output
--------------------------------------------------------------------------------
[2025-12-31 21:44:06] 
  Files: N/A
  Input: {}
  Output: No output
--------------------------------------------------------------------------------
[2025-12-31 21:44:06] 
  Files: N/A
  Input: {}
  Output: No output
--------------------------------------------------------------------------------
[2025-12-31 21:44:08] 
  Files: N/A
  Input: {}
  Output: No output
--------------------------------------------------------------------------------
[2025-12-31 21:44:08] 
  Files: N/A
  Input: {}
  Output: No output
--------------------------------------------------------------------------------
[2025-12-31 21:44:09] 
  Files: N/A
  Input: {}
  Output: No output
--------------------------------------------------------------------------------
[2025-12-31 21:44:23] 
  Files: N/A
  Input: {}
  Output: No output
--------------------------------------------------------------------------------
[2025-12-31 21:44:23] 
  Files: N/A
  Input: {}
  Output: No output
--------------------------------------------------------------------------------
[2025-12-31 21:44:38] 
  Files: N/A
  Input: {}
  Output: No output
--------------------------------------------------------------------------------
[2025-12-31 21:44:38] 
  Files: N/A
  Input: {}
  Output: No output
--------------------------------------------------------------------------------
[2025-12-31 21:44:39] 
  Files: N/A
  Input: {}
  Output: No output
--------------------------------------------------------------------------------
[2025-12-31 21:44:40] 
  Files: N/A
  Input: {}
  Output: No output
--------------------------------------------------------------------------------
[2025-12-31 21:44:51] 
  Files: N/A
  Input: {}
  Output: No output
--------------------------------------------------------------------------------
[2025-12-31 21:44:52] 
  Files: N/A
  Input: {}
  Output: No output
--------------------------------------------------------------------------------
[2025-12-31 21:44:52] 
  Files: N/A
  Input: {}
  Output: No output
--------------------------------------------------------------------------------
[2025-12-31 21:44:54] 
  Files: N/A
  Input: {}
  Output: No output
--------------------------------------------------------------------------------
[2025-12-31 21:44:55] 
  Files: N/A
  Input: {}
  Output: No output
--------------------------------------------------------------------------------
[2025-12-31 21:45:02] 
  Files: N/A
  Input: {}
  Output: No output
--------------------------------------------------------------------------------
[2025-12-31 21:45:04] 
  Files: N/A
  Input: {}
  Output: No output
--------------------------------------------------------------------------------
[2025-12-31 21:45:06] 
  Files: N/A
  Input: {}
  Output: No output
--------------------------------------------------------------------------------
[2025-12-31 21:45:15] 
  Files: N/A
  Input: {}
  Output: No output
--------------------------------------------------------------------------------
[2025-12-31 21:45:15] 
  Files: N/A
  Input: {}
  Output: No output
--------------------------------------------------------------------------------
[2025-12-31 21:45:15] 
  Files: N/A
  Input: {}
  Output: No output
--------------------------------------------------------------------------------
[2025-12-31 21:45:15] 
  Files: N/A
  Input: {}
  Output: No output
--------------------------------------------------------------------------------
[2025-12-31 21:45:28] 
  Files: N/A
  Input: {}
  Output: No output
--------------------------------------------------------------------------------
[2025-12-31 21:45:28] 
  Files: N/A
  Input: {}
  Output: No output
--------------------------------------------------------------------------------
[2025-12-31 21:45:30] 
  Files: N/A
  Input: {}
  Output: No output
--------------------------------------------------------------------------------
[2025-12-31 21:45:32] 
  Files: N/A
  Input: {}
  Output: No output
--------------------------------------------------------------------------------
[2025-12-31 21:45:39] 
  Files: N/A
  Input: {}
  Output: No output
--------------------------------------------------------------------------------
[2025-12-31 21:45:39] 
  Files: N/A
  Input: {}
  Output: No output
--------------------------------------------------------------------------------
[2025-12-31 21:45:42] 
  Files: N/A
  Input: {}
  Output: No output
--------------------------------------------------------------------------------
[2025-12-31 21:45:43] 
  Files: N/A
  Input: {}
  Output: No output
--------------------------------------------------------------------------------
[2025-12-31 21:45:54] 
  Files: N/A
  Input: {}
  Output: No output
--------------------------------------------------------------------------------
[2025-12-31 21:45:54] 
  Files: N/A
  Input: {}
  Output: No output
--------------------------------------------------------------------------------
[2025-12-31 21:45:54] 
  Files: N/A
  Input: {}
  Output: No output
--------------------------------------------------------------------------------
[2025-12-31 21:45:57] 
  Files: N/A
  Input: {}
  Output: No output
--------------------------------------------------------------------------------
[2025-12-31 21:46:11] 
  Files: N/A
  Input: {}
  Output: No output
--------------------------------------------------------------------------------
[2025-12-31 21:46:20] 
  Files: N/A
  Input: {}
  Output: No output
--------------------------------------------------------------------------------
[2025-12-31 21:46:20] 
  Files: N/A
  Input: {}
  Output: No output
--------------------------------------------------------------------------------
[2025-12-31 21:46:23] 
  Files: N/A
  Input: {}
  Output: No output
--------------------------------------------------------------------------------
[2025-12-31 21:46:32] 
  Files: N/A
  Input: {}
  Output: No output
--------------------------------------------------------------------------------
[2025-12-31 21:46:41] 
  Files: N/A
  Input: {}
  Output: No output
--------------------------------------------------------------------------------
[2025-12-31 21:46:41] 
  Files: N/A
  Input: {}
  Output: No output
--------------------------------------------------------------------------------
[2025-12-31 21:46:46] 
  Files: N/A
  Input: {}
  Output: No output
--------------------------------------------------------------------------------
[2025-12-31 21:46:49] 
  Files: N/A
  Input: {}
  Output: No output
--------------------------------------------------------------------------------
[2025-12-31 21:46:56] 
  Files: N/A
  Input: {}
  Output: No output
--------------------------------------------------------------------------------
[2025-12-31 21:47:06] 
  Files: N/A
  Input: {}
  Output: No output
--------------------------------------------------------------------------------
[2025-12-31 21:47:10] 
  Files: N/A
  Input: {}
  Output: No output
--------------------------------------------------------------------------------
[2025-12-31 21:47:14] 
  Files: N/A
  Input: {}
  Output: No output
--------------------------------------------------------------------------------
[2025-12-31 21:47:20] 
  Files: N/A
  Input: {}
  Output: No output
--------------------------------------------------------------------------------
[2025-12-31 21:47:25] 
  Files: N/A
  Input: {}
  Output: No output
--------------------------------------------------------------------------------
[2025-12-31 21:47:31] 
  Files: N/A
  Input: {}
  Output: No output
--------------------------------------------------------------------------------
[2025-12-31 21:47:33] 
  Files: N/A
  Input: {}
  Output: No output
--------------------------------------------------------------------------------
[2025-12-31 21:47:33] 
  Files: N/A
  Input: {}
  Output: No output
--------------------------------------------------------------------------------
[2025-12-31 21:47:42] 
  Files: N/A
  Input: {}
  Output: No output
--------------------------------------------------------------------------------
[2025-12-31 21:47:42] 
  Files: N/A
  Input: {}
  Output: No output
--------------------------------------------------------------------------------
[2025-12-31 21:47:42] 
  Files: N/A
  Input: {}
  Output: No output
--------------------------------------------------------------------------------
[2025-12-31 21:47:50] 
  Files: N/A
  Input: {}
  Output: No output
--------------------------------------------------------------------------------
[2025-12-31 21:47:56] 
  Files: N/A
  Input: {}
  Output: No output
--------------------------------------------------------------------------------
[2025-12-31 21:48:03] 
  Files: N/A
  Input: {}
  Output: No output
--------------------------------------------------------------------------------
[2025-12-31 21:48:10] 
  Files: N/A
  Input: {}
  Output: No output
--------------------------------------------------------------------------------
[2025-12-31 21:48:13] 
  Files: N/A
  Input: {}
  Output: No output
--------------------------------------------------------------------------------
[2025-12-31 21:48:16] 
  Files: N/A
  Input: {}
  Output: No output
--------------------------------------------------------------------------------
[2025-12-31 21:48:38] 
  Files: N/A
  Input: {}
  Output: No output
--------------------------------------------------------------------------------
[2025-12-31 21:48:51] 
  Files: N/A
  Input: {}
  Output: No output
--------------------------------------------------------------------------------
[2025-12-31 21:49:07] 
  Files: N/A
  Input: {}
  Output: No output
--------------------------------------------------------------------------------
[2025-12-31 21:49:08] 
  Files: N/A
  Input: {}
  Output: No output
--------------------------------------------------------------------------------
[2025-12-31 21:49:12] 
  Files: N/A
  Input: {}
  Output: No output
--------------------------------------------------------------------------------
[2025-12-31 21:49:20] 
  Files: N/A
  Input: {}
  Output: No output
--------------------------------------------------------------------------------
[2025-12-31 21:49:20] 
  Files: N/A
  Input: {}
  Output: No output
--------------------------------------------------------------------------------
[2025-12-31 21:49:22] 
  Files: N/A
  Input: {}
  Output: No output
--------------------------------------------------------------------------------
[2025-12-31 21:49:30] 
  Files: N/A
  Input: {}
  Output: No output
--------------------------------------------------------------------------------
[2025-12-31 21:49:36] 
  Files: N/A
  Input: {}
  Output: No output
--------------------------------------------------------------------------------
[2025-12-31 21:49:40] 
  Files: N/A
  Input: {}
  Output: No output
--------------------------------------------------------------------------------
[2025-12-31 21:49:50] 
  Files: N/A
  Input: {}
  Output: No output
--------------------------------------------------------------------------------
[2025-12-31 21:49:51] 
  Files: N/A
  Input: {}
  Output: No output
--------------------------------------------------------------------------------
[2025-12-31 21:49:56] 
  Files: N/A
  Input: {}
  Output: No output
--------------------------------------------------------------------------------
[2025-12-31 21:50:00] 
  Files: N/A
  Input: {}
  Output: No output
--------------------------------------------------------------------------------
[2025-12-31 21:50:03] 
  Files: N/A
  Input: {}
  Output: No output
--------------------------------------------------------------------------------
[2025-12-31 21:50:14] 
  Files: N/A
  Input: {}
  Output: No output
--------------------------------------------------------------------------------
[2025-12-31 21:50:14] 
  Files: N/A
  Input: {}
  Output: No output
--------------------------------------------------------------------------------
[2025-12-31 21:50:16] 
  Files: N/A
  Input: {}
  Output: No output
--------------------------------------------------------------------------------
[2025-12-31 21:50:25] 
  Files: N/A
  Input: {}
  Output: No output
--------------------------------------------------------------------------------
[2025-12-31 21:50:27] 
  Files: N/A
  Input: {}
  Output: No output
--------------------------------------------------------------------------------
[2025-12-31 21:50:34] 
  Files: N/A
  Input: {}
  Output: No output
--------------------------------------------------------------------------------
[2025-12-31 21:50:36] 
  Files: N/A
  Input: {}
  Output: No output
--------------------------------------------------------------------------------
[2025-12-31 21:50:41] 
  Files: N/A
  Input: {}
  Output: No output
--------------------------------------------------------------------------------
[2025-12-31 21:50:45] 
  Files: N/A
  Input: {}
  Output: No output
--------------------------------------------------------------------------------
[2025-12-31 21:50:47] 
  Files: N/A
  Input: {}
  Output: No output
--------------------------------------------------------------------------------
[2025-12-31 21:50:57] 
  Files: N/A
  Input: {}
  Output: No output
--------------------------------------------------------------------------------
[2025-12-31 21:50:57] 
  Files: N/A
  Input: {}
  Output: No output
--------------------------------------------------------------------------------
[2025-12-31 21:51:05] 
  Files: N/A
  Input: {}
  Output: No output
--------------------------------------------------------------------------------
[2025-12-31 21:51:08] 
  Files: N/A
  Input: {}
  Output: No output
--------------------------------------------------------------------------------
[2025-12-31 21:51:08] 
  Files: N/A
  Input: {}
  Output: No output
--------------------------------------------------------------------------------
[2025-12-31 21:51:22] 
  Files: N/A
  Input: {}
  Output: No output
--------------------------------------------------------------------------------
[2025-12-31 21:51:23] 
  Files: N/A
  Input: {}
  Output: No output
--------------------------------------------------------------------------------
[2025-12-31 21:51:33] 
  Files: N/A
  Input: {}
  Output: No output
--------------------------------------------------------------------------------
[2025-12-31 21:51:33] 
  Files: N/A
  Input: {}
  Output: No output
--------------------------------------------------------------------------------
[2025-12-31 21:51:40] 
  Files: N/A
  Input: {}
  Output: No output
--------------------------------------------------------------------------------
[2025-12-31 21:51:41] 
  Files: N/A
  Input: {}
  Output: No output
--------------------------------------------------------------------------------
[2025-12-31 21:51:42] 
  Files: N/A
  Input: {}
  Output: No output
--------------------------------------------------------------------------------
[2025-12-31 21:51:50] 
  Files: N/A
  Input: {}
  Output: No output
--------------------------------------------------------------------------------
[2025-12-31 21:51:50] 
  Files: N/A
  Input: {}
  Output: No output
--------------------------------------------------------------------------------
[2025-12-31 21:51:50] 
  Files: N/A
  Input: {}
  Output: No output
--------------------------------------------------------------------------------
[2025-12-31 21:51:58] 
  Files: N/A
  Input: {}
  Output: No output
--------------------------------------------------------------------------------
[2025-12-31 21:52:00] 
  Files: N/A
  Input: {}
  Output: No output
--------------------------------------------------------------------------------
[2025-12-31 21:52:08] 
  Files: N/A
  Input: {}
  Output: No output
--------------------------------------------------------------------------------
[2025-12-31 21:52:13] 
  Files: N/A
  Input: {}
  Output: No output
--------------------------------------------------------------------------------
[2025-12-31 21:52:19] 
  Files: N/A
  Input: {}
  Output: No output
--------------------------------------------------------------------------------
[2025-12-31 21:52:22] 
  Files: N/A
  Input: {}
  Output: No output
--------------------------------------------------------------------------------
[2025-12-31 21:52:22] 
  Files: N/A
  Input: {}
  Output: No output
--------------------------------------------------------------------------------
[2025-12-31 21:52:29] 
  Files: N/A
  Input: {}
  Output: No output
--------------------------------------------------------------------------------
[2025-12-31 21:52:32] 
  Files: N/A
  Input: {}
  Output: No output
--------------------------------------------------------------------------------
[2025-12-31 21:52:42] 
  Files: N/A
  Input: {}
  Output: No output
--------------------------------------------------------------------------------
[2025-12-31 21:52:51] 
  Files: N/A
  Input: {}
  Output: No output
--------------------------------------------------------------------------------
[2025-12-31 21:52:53] 
  Files: N/A
  Input: {}
  Output: No output
--------------------------------------------------------------------------------
[2025-12-31 21:53:10] 
  Files: N/A
  Input: {}
  Output: No output
--------------------------------------------------------------------------------
[2025-12-31 21:53:12] 
  Files: N/A
  Input: {}
  Output: No output
--------------------------------------------------------------------------------
[2025-12-31 21:53:13] 
  Files: N/A
  Input: {}
  Output: No output
--------------------------------------------------------------------------------
[2025-12-31 21:53:14] 
  Files: N/A
  Input: {}
  Output: No output
--------------------------------------------------------------------------------
[2025-12-31 21:53:19] 
  Files: N/A
  Input: {}
  Output: No output
--------------------------------------------------------------------------------
[2025-12-31 21:53:22] 
  Files: N/A
  Input: {}
  Output: No output
--------------------------------------------------------------------------------
[2025-12-31 21:53:24] 
  Files: N/A
  Input: {}
  Output: No output
--------------------------------------------------------------------------------
[2025-12-31 21:53:25] 
  Files: N/A
  Input: {}
  Output: No output
--------------------------------------------------------------------------------
[2025-12-31 21:53:29] 
  Files: N/A
  Input: {}
  Output: No output
--------------------------------------------------------------------------------
[2025-12-31 21:53:37] 
  Files: N/A
  Input: {}
  Output: No output
--------------------------------------------------------------------------------
[2025-12-31 21:53:38] 
  Files: N/A
  Input: {}
  Output: No output
--------------------------------------------------------------------------------
[2025-12-31 21:53:44] 
  Files: N/A
  Input: {}
  Output: No output
--------------------------------------------------------------------------------
[2025-12-31 21:53:45] 
  Files: N/A
  Input: {}
  Output: No output
--------------------------------------------------------------------------------
[2025-12-31 21:53:55] 
  Files: N/A
  Input: {}
  Output: No output
--------------------------------------------------------------------------------
[2025-12-31 21:53:56] 
  Files: N/A
  Input: {}
  Output: No output
--------------------------------------------------------------------------------
[2025-12-31 21:54:03] 
  Files: N/A
  Input: {}
  Output: No output
--------------------------------------------------------------------------------
[2025-12-31 21:54:16] 
  Files: N/A
  Input: {}
  Output: No output
--------------------------------------------------------------------------------
[2025-12-31 21:54:23] 
  Files: N/A
  Input: {}
  Output: No output
--------------------------------------------------------------------------------
[2025-12-31 21:54:33] 
  Files: N/A
  Input: {}
  Output: No output
--------------------------------------------------------------------------------
[2025-12-31 21:54:40] 
  Files: N/A
  Input: {}
  Output: No output
--------------------------------------------------------------------------------
[2025-12-31 21:54:49] 
  Files: N/A
  Input: {}
  Output: No output
--------------------------------------------------------------------------------
[2025-12-31 21:54:57] 
  Files: N/A
  Input: {}
  Output: No output
--------------------------------------------------------------------------------
[2025-12-31 21:55:07] 
  Files: N/A
  Input: {}
  Output: No output
--------------------------------------------------------------------------------
[2025-12-31 21:55:15] 
  Files: N/A
  Input: {}
  Output: No output
--------------------------------------------------------------------------------
[2025-12-31 21:55:20] 
  Files: N/A
  Input: {}
  Output: No output
--------------------------------------------------------------------------------
[2025-12-31 21:55:28] 
  Files: N/A
  Input: {}
  Output: No output
--------------------------------------------------------------------------------
[2025-12-31 21:55:35] 
  Files: N/A
  Input: {}
  Output: No output
--------------------------------------------------------------------------------
[2025-12-31 21:55:36] 
  Files: N/A
  Input: {}
  Output: No output
--------------------------------------------------------------------------------
[2025-12-31 21:55:38] 
  Files: N/A
  Input: {}
  Output: No output
--------------------------------------------------------------------------------
[2025-12-31 21:55:44] 
  Files: N/A
  Input: {}
  Output: No output
--------------------------------------------------------------------------------
[2025-12-31 21:55:50] 
  Files: N/A
  Input: {}
  Output: No output
--------------------------------------------------------------------------------
[2025-12-31 21:56:01] 
  Files: N/A
  Input: {}
  Output: No output
--------------------------------------------------------------------------------
[2025-12-31 21:56:10] 
  Files: N/A
  Input: {}
  Output: No output
--------------------------------------------------------------------------------
[2025-12-31 21:56:10] 
  Files: N/A
  Input: {}
  Output: No output
--------------------------------------------------------------------------------
[2025-12-31 21:56:22] 
  Files: N/A
  Input: {}
  Output: No output
--------------------------------------------------------------------------------
[2025-12-31 21:56:24] 
  Files: N/A
  Input: {}
  Output: No output
--------------------------------------------------------------------------------
[2025-12-31 21:56:38] 
  Files: N/A
  Input: {}
  Output: No output
--------------------------------------------------------------------------------
[2025-12-31 21:56:39] 
  Files: N/A
  Input: {}
  Output: No output
--------------------------------------------------------------------------------
[2025-12-31 21:56:43] 
  Files: N/A
  Input: {}
  Output: No output
--------------------------------------------------------------------------------
[2025-12-31 21:56:43] 
  Files: N/A
  Input: {}
  Output: No output
--------------------------------------------------------------------------------
[2025-12-31 21:57:04] 
  Files: N/A
  Input: {}
  Output: No output
--------------------------------------------------------------------------------
[2025-12-31 21:57:09] 
  Files: N/A
  Input: {}
  Output: No output
--------------------------------------------------------------------------------
[2025-12-31 21:57:11] 
  Files: N/A
  Input: {}
  Output: No output
--------------------------------------------------------------------------------
[2025-12-31 21:57:13] 
  Files: N/A
  Input: {}
  Output: No output
--------------------------------------------------------------------------------
[2025-12-31 21:57:23] 
  Files: N/A
  Input: {}
  Output: No output
--------------------------------------------------------------------------------
[2025-12-31 21:57:24] 
  Files: N/A
  Input: {}
  Output: No output
--------------------------------------------------------------------------------
[2025-12-31 21:57:33] 
  Files: N/A
  Input: {}
  Output: No output
--------------------------------------------------------------------------------
[2025-12-31 21:57:35] 
  Files: N/A
  Input: {}
  Output: No output
--------------------------------------------------------------------------------
[2025-12-31 21:57:45] 
  Files: N/A
  Input: {}
  Output: No output
--------------------------------------------------------------------------------
[2025-12-31 21:57:56] 
  Files: N/A
  Input: {}
  Output: No output
--------------------------------------------------------------------------------
[2025-12-31 21:58:09] 
  Files: N/A
  Input: {}
  Output: No output
--------------------------------------------------------------------------------
[2025-12-31 21:58:18] 
  Files: N/A
  Input: {}
  Output: No output
--------------------------------------------------------------------------------
[2025-12-31 21:58:19] 
  Files: N/A
  Input: {}
  Output: No output
--------------------------------------------------------------------------------
[2025-12-31 21:58:28] 
  Files: N/A
  Input: {}
  Output: No output
--------------------------------------------------------------------------------
[2025-12-31 21:58:49] 
  Files: N/A
  Input: {}
  Output: No output
--------------------------------------------------------------------------------
[2025-12-31 21:58:56] 
  Files: N/A
  Input: {}
  Output: No output
--------------------------------------------------------------------------------
[2025-12-31 21:59:02] 
  Files: N/A
  Input: {}
  Output: No output
--------------------------------------------------------------------------------
[2025-12-31 21:59:11] 
  Files: N/A
  Input: {}
  Output: No output
--------------------------------------------------------------------------------
[2025-12-31 21:59:15] 
  Files: N/A
  Input: {}
  Output: No output
--------------------------------------------------------------------------------
[2025-12-31 21:59:19] 
  Files: N/A
  Input: {}
  Output: No output
--------------------------------------------------------------------------------
[2025-12-31 21:59:29] 
  Files: N/A
  Input: {}
  Output: No output
--------------------------------------------------------------------------------
[2025-12-31 21:59:30] 
  Files: N/A
  Input: {}
  Output: No output
--------------------------------------------------------------------------------
[2025-12-31 21:59:30] 
  Files: N/A
  Input: {}
  Output: No output
--------------------------------------------------------------------------------
[2025-12-31 21:59:44] 
  Files: N/A
  Input: {}
  Output: No output
--------------------------------------------------------------------------------
[2025-12-31 21:59:45] 
  Files: N/A
  Input: {}
  Output: No output
--------------------------------------------------------------------------------
[2025-12-31 21:59:52] 
  Files: N/A
  Input: {}
  Output: No output
--------------------------------------------------------------------------------
[2025-12-31 21:59:56] 
  Files: N/A
  Input: {}
  Output: No output
--------------------------------------------------------------------------------
[2025-12-31 22:00:04] 
  Files: N/A
  Input: {}
  Output: No output
--------------------------------------------------------------------------------
[2025-12-31 22:00:05] 
  Files: N/A
  Input: {}
  Output: No output
--------------------------------------------------------------------------------
[2025-12-31 22:00:25] 
  Files: N/A
  Input: {}
  Output: No output
--------------------------------------------------------------------------------
[2025-12-31 22:00:27] 
  Files: N/A
  Input: {}
  Output: No output
--------------------------------------------------------------------------------
[2025-12-31 22:00:36] 
  Files: N/A
  Input: {}
  Output: No output
--------------------------------------------------------------------------------
[2025-12-31 22:00:37] 
  Files: N/A
  Input: {}
  Output: No output
--------------------------------------------------------------------------------
[2025-12-31 22:00:37] 
  Files: N/A
  Input: {}
  Output: No output
--------------------------------------------------------------------------------
[2025-12-31 22:00:40] 
  Files: N/A
  Input: {}
  Output: No output
--------------------------------------------------------------------------------
[2025-12-31 22:00:46] 
  Files: N/A
  Input: {}
  Output: No output
--------------------------------------------------------------------------------
[2025-12-31 22:00:46] 
  Files: N/A
  Input: {}
  Output: No output
--------------------------------------------------------------------------------
[2025-12-31 22:00:47] 
  Files: N/A
  Input: {}
  Output: No output
--------------------------------------------------------------------------------
[2025-12-31 22:00:55] 
  Files: N/A
  Input: {}
  Output: No output
--------------------------------------------------------------------------------
[2025-12-31 22:01:04] 
  Files: N/A
  Input: {}
  Output: No output
--------------------------------------------------------------------------------
[2025-12-31 22:01:11] 
  Files: N/A
  Input: {}
  Output: No output
--------------------------------------------------------------------------------
[2025-12-31 22:01:13] 
  Files: N/A
  Input: {}
  Output: No output
--------------------------------------------------------------------------------
[2025-12-31 22:01:22] 
  Files: N/A
  Input: {}
  Output: No output
--------------------------------------------------------------------------------
[2025-12-31 22:01:24] 
  Files: N/A
  Input: {}
  Output: No output
--------------------------------------------------------------------------------
[2025-12-31 22:01:24] 
  Files: N/A
  Input: {}
  Output: No output
--------------------------------------------------------------------------------
[2025-12-31 22:01:26] 
  Files: N/A
  Input: {}
  Output: No output
--------------------------------------------------------------------------------
[2025-12-31 22:01:30] 
  Files: N/A
  Input: {}
  Output: No output
--------------------------------------------------------------------------------
[2025-12-31 22:01:32] 
  Files: N/A
  Input: {}
  Output: No output
--------------------------------------------------------------------------------
[2025-12-31 22:01:41] 
  Files: N/A
  Input: {}
  Output: No output
--------------------------------------------------------------------------------
[2025-12-31 22:01:50] 
  Files: N/A
  Input: {}
  Output: No output
--------------------------------------------------------------------------------
[2025-12-31 22:01:56] 
  Files: N/A
  Input: {}
  Output: No output
--------------------------------------------------------------------------------
[2025-12-31 22:02:01] 
  Files: N/A
  Input: {}
  Output: No output
--------------------------------------------------------------------------------
[2025-12-31 22:02:09] 
  Files: N/A
  Input: {}
  Output: No output
--------------------------------------------------------------------------------
[2025-12-31 22:02:09] 
  Files: N/A
  Input: {}
  Output: No output
--------------------------------------------------------------------------------
[2025-12-31 22:02:12] 
  Files: N/A
  Input: {}
  Output: No output
--------------------------------------------------------------------------------
[2025-12-31 22:02:18] 
  Files: N/A
  Input: {}
  Output: No output
--------------------------------------------------------------------------------
[2025-12-31 22:02:22] 
  Files: N/A
  Input: {}
  Output: No output
--------------------------------------------------------------------------------
[2025-12-31 22:02:22] 
  Files: N/A
  Input: {}
  Output: No output
--------------------------------------------------------------------------------
[2025-12-31 22:02:27] 
  Files: N/A
  Input: {}
  Output: No output
--------------------------------------------------------------------------------
[2025-12-31 22:02:34] 
  Files: N/A
  Input: {}
  Output: No output
--------------------------------------------------------------------------------
[2025-12-31 22:02:35] 
  Files: N/A
  Input: {}
  Output: No output
--------------------------------------------------------------------------------
[2025-12-31 22:02:35] 
  Files: N/A
  Input: {}
  Output: No output
--------------------------------------------------------------------------------
[2025-12-31 22:03:12] 
  Files: N/A
  Input: {}
  Output: No output
--------------------------------------------------------------------------------
[2025-12-31 22:03:46] 
  Files: N/A
  Input: {}
  Output: No output
--------------------------------------------------------------------------------
[2025-12-31 22:03:54] 
  Files: N/A
  Input: {}
  Output: No output
--------------------------------------------------------------------------------
[2025-12-31 22:04:10] 
  Files: N/A
  Input: {}
  Output: No output
--------------------------------------------------------------------------------
[2025-12-31 22:04:11] 
  Files: N/A
  Input: {}
  Output: No output
--------------------------------------------------------------------------------
[2025-12-31 22:04:20] 
  Files: N/A
  Input: {}
  Output: No output
--------------------------------------------------------------------------------
[2025-12-31 22:04:32] 
  Files: N/A
  Input: {}
  Output: No output
--------------------------------------------------------------------------------
[2025-12-31 22:04:35] 
  Files: N/A
  Input: {}
  Output: No output
--------------------------------------------------------------------------------
[2025-12-31 22:04:42] 
  Files: N/A
  Input: {}
  Output: No output
--------------------------------------------------------------------------------
[2025-12-31 22:05:05] 
  Files: N/A
  Input: {}
  Output: No output
--------------------------------------------------------------------------------
[2025-12-31 22:05:12] 
  Files: N/A
  Input: {}
  Output: No output
--------------------------------------------------------------------------------
[2025-12-31 22:05:16] 
  Files: N/A
  Input: {}
  Output: No output
--------------------------------------------------------------------------------
[2025-12-31 22:05:16] 
  Files: N/A
  Input: {}
  Output: No output
--------------------------------------------------------------------------------
[2025-12-31 22:05:20] 
  Files: N/A
  Input: {}
  Output: No output
--------------------------------------------------------------------------------
[2025-12-31 22:05:20] 
  Files: N/A
  Input: {}
  Output: No output
--------------------------------------------------------------------------------
[2025-12-31 22:05:25] 
  Files: N/A
  Input: {}
  Output: No output
--------------------------------------------------------------------------------
[2025-12-31 22:05:57] 
  Files: N/A
  Input: {}
  Output: No output
--------------------------------------------------------------------------------
[2025-12-31 22:06:11] 
  Files: N/A
  Input: {}
  Output: No output
--------------------------------------------------------------------------------
[2025-12-31 22:06:14] 
  Files: N/A
  Input: {}
  Output: No output
--------------------------------------------------------------------------------
[2025-12-31 22:06:17] 
  Files: N/A
  Input: {}
  Output: No output
--------------------------------------------------------------------------------
[2025-12-31 22:06:25] 
  Files: N/A
  Input: {}
  Output: No output
--------------------------------------------------------------------------------
[2025-12-31 22:06:33] 
  Files: N/A
  Input: {}
  Output: No output
--------------------------------------------------------------------------------
[2025-12-31 22:07:09] 
  Files: N/A
  Input: {}
  Output: No output
--------------------------------------------------------------------------------
[2025-12-31 22:07:24] 
  Files: N/A
  Input: {}
  Output: No output
--------------------------------------------------------------------------------
[2025-12-31 22:07:31] 
  Files: N/A
  Input: {}
  Output: No output
--------------------------------------------------------------------------------
[2025-12-31 22:07:31] 
  Files: N/A
  Input: {}
  Output: No output
--------------------------------------------------------------------------------
